seconds,phase,live,corpses,parts,bodies,awake,wounds,drops,decals,pools,remaining_blood,deposited_blood,largest_pool_cm,projection_traces,max_body_speed_cm_s,min_live_pair_cm,max_capsule_overlap_cm,player_health
5.000317,0,1,0,0,0,0,0,0,0,0,0.0000,0.0000,0.0000,0,0.0000,-1.0000,0.0000,100.0000
5.304440,0,1,0,0,0,0,0,0,0,0,0.0000,0.0000,0.0000,0,0.0000,-1.0000,0.0000,100.0000
5.409919,0,1,0,0,0,0,0,0,0,0,0.0000,0.0000,0.0000,0,0.0000,-1.0000,0.0000,100.0000
5.516247,0,1,0,0,0,0,0,0,0,0,0.0000,0.0000,0.0000,0,0.0000,-1.0000,0.0000,100.0000
5.632299,0,1,0,0,0,0,0,0,0,0,0.0000,0.0000,0.0000,0,0.0000,-1.0000,0.0000,100.0000
5.748613,0,1,0,0,0,0,0,0,0,0,0.0000,0.0000,0.0000,0,0.0000,-1.0000,0.0000,100.0000
5.871914,0,1,0,0,0,0,1,0,1,0,1.2800,0.0000,0.0000,0,0.0000,-1.0000,0.0000,100.0000
5.989087,0,1,0,0,0,0,1,1,1,0,1.2800,0.0000,0.0000,0,0.0000,-1.0000,0.0000,100.0000
6.108089,0,1,0,0,0,0,1,1,1,0,1.2800,0.0000,0.0000,1,0.0000,-1.0000,0.0000,100.0000
6.224537,0,1,0,0,0,0,1,1,1,0,1.2800,0.0000,0.0000,1,0.0000,-1.0000,0.0000,100.0000
6.343280,0,1,0,0,0,0,1,2,1,0,1.2800,0.0000,0.0000,1,0.0000,-1.0000,0.0000,100.0000
6.459110,0,1,0,0,0,0,1,1,2,1,0.8300,0.4500,4.0000,2,0.0000,-1.0000,0.0000,100.0000
6.576180,0,1,0,0,0,0,1,1,2,1,0.8300,0.4500,5.0000,1,0.0000,-1.0000,0.0000,100.0000
6.692628,0,1,0,0,0,0,1,1,2,1,0.8300,0.4500,6.0000,1,0.0000,-1.0000,0.0000,100.0000
6.811146,0,1,0,0,0,0,0,2,2,1,0.8300,0.4500,8.0000,2,0.0000,-1.0000,0.0000,100.0000
6.927378,0,1,0,0,0,0,0,1,2,1,0.3800,0.9000,9.0000,2,0.0000,-1.0000,0.0000,100.0000
7.044469,0,1,0,0,0,0,0,1,2,1,0.3800,0.9000,10.0000,1,0.0000,-1.0000,0.0000,100.0000
7.161995,0,1,0,0,0,0,0,1,2,1,0.3800,0.9000,10.6921,1,0.0000,-1.0000,0.0000,100.0000
7.279423,0,1,0,0,0,0,0,0,3,2,0.0000,1.2800,10.6921,1,0.0000,-1.0000,0.0000,100.0000
7.397599,0,1,0,0,0,0,0,0,3,2,0.0000,1.2800,10.6921,0,0.0000,-1.0000,0.0000,100.0000
7.513453,0,1,0,0,0,0,0,0,3,2,0.0000,1.2800,10.6921,0,0.0000,-1.0000,0.0000,100.0000
7.630740,0,1,0,0,0,0,0,0,3,2,0.0000,1.2800,10.6921,0,0.0000,-1.0000,0.0000,100.0000
7.746411,0,1,0,0,0,0,0,0,3,2,0.0000,1.2800,10.6921,0,0.0000,-1.0000,0.0000,100.0000
7.864388,0,1,0,0,0,0,0,0,3,2,0.0000,1.2800,10.6921,0,0.0000,-1.0000,0.0000,100.0000
7.980758,0,1,0,0,0,0,0,0,3,2,0.0000,1.2800,10.6921,0,0.0000,-1.0000,0.0000,100.0000
8.096593,0,1,0,0,0,0,0,0,3,2,0.0000,1.2800,10.6921,0,0.0000,-1.0000,0.0000,100.0000
8.212587,0,1,0,0,0,0,0,0,3,2,0.0000,1.2800,10.6921,0,0.0000,-1.0000,0.0000,100.0000
8.331244,0,1,0,0,0,0,0,0,3,2,0.0000,1.2800,10.6921,0,0.0000,-1.0000,0.0000,100.0000
8.448305,0,1,0,0,0,0,0,0,3,2,0.0000,1.2800,10.6921,0,0.0000,-1.0000,0.0000,100.0000
8.564303,0,1,0,0,0,0,0,0,3,2,0.0000,1.2800,10.6921,0,0.0000,-1.0000,0.0000,100.0000
8.681080,0,1,0,0,0,0,0,0,3,2,0.0000,1.2800,10.6921,0,0.0000,-1.0000,0.0000,100.0000
8.798307,0,1,0,0,0,0,0,0,3,2,0.0000,1.2800,10.6921,0,0.0000,-1.0000,0.0000,100.0000
8.914206,0,1,0,0,0,0,0,0,3,2,0.0000,1.2800,10.6921,0,0.0000,-1.0000,0.0000,100.0000
9.032064,0,1,0,0,0,0,0,0,3,2,0.0000,1.2800,10.6921,0,0.0000,-1.0000,0.0000,100.0000
9.148664,0,1,0,0,0,0,0,0,3,2,0.0000,1.2800,10.6921,0,0.0000,-1.0000,0.0000,100.0000
9.268389,0,1,0,0,0,0,0,0,3,2,0.0000,1.2800,10.6921,0,0.0000,-1.0000,0.0000,100.0000
9.385367,0,1,0,0,0,0,0,0,3,2,0.0000,1.2800,10.6921,0,0.0000,-1.0000,0.0000,100.0000
9.503017,0,1,0,0,0,0,0,0,3,2,0.0000,1.2800,10.6921,0,0.0000,-1.0000,0.0000,100.0000
9.621768,0,1,0,0,0,0,0,0,3,2,0.0000,1.2800,10.6921,0,0.0000,-1.0000,0.0000,100.0000
9.740799,0,1,0,0,0,0,0,0,3,2,0.0000,1.2800,10.6921,0,0.0000,-1.0000,0.0000,100.0000
9.860858,0,1,0,0,0,0,0,0,3,2,0.0000,1.2800,10.6921,0,0.0000,-1.0000,0.0000,100.0000
9.980725,0,1,0,0,0,0,0,0,3,2,0.0000,1.2800,10.6921,0,0.0000,-1.0000,0.0000,100.0000
10.099143,0,1,0,0,0,0,0,0,3,2,0.0000,1.2800,10.6921,0,0.0000,-1.0000,0.0000,100.0000
10.218189,0,1,0,0,0,0,0,0,3,2,0.0000,1.2800,10.6921,0,0.0000,-1.0000,0.0000,100.0000
10.337270,0,1,0,0,0,0,0,0,3,2,0.0000,1.2800,10.6921,0,0.0000,-1.0000,0.0000,100.0000
10.458015,0,1,0,0,0,0,0,0,3,2,0.0000,1.2800,10.6921,0,0.0000,-1.0000,0.0000,100.0000
10.577449,0,1,0,0,0,0,0,0,3,2,0.0000,1.2800,10.6921,0,0.0000,-1.0000,0.0000,100.0000
10.697647,0,1,0,0,0,0,0,0,3,2,0.0000,1.2800,10.6921,0,0.0000,-1.0000,0.0000,100.0000
10.817749,0,1,0,0,0,0,0,0,3,2,0.0000,1.2800,10.6921,0,0.0000,-1.0000,0.0000,100.0000
10.936987,0,1,0,0,0,0,0,0,3,2,0.0000,1.2800,10.6921,0,0.0000,-1.0000,0.0000,100.0000
11.055588,0,1,0,0,0,0,0,0,3,2,0.0000,1.2800,10.6921,0,0.0000,-1.0000,0.0000,100.0000
11.172504,0,1,0,0,0,0,0,0,3,2,0.0000,1.2800,10.6921,0,0.0000,-1.0000,0.0000,100.0000
11.287532,0,1,0,0,0,0,0,0,3,2,0.0000,1.2800,10.6921,0,0.0000,-1.0000,0.0000,100.0000
11.404293,0,1,0,0,0,0,0,0,3,2,0.0000,1.2800,10.6921,0,0.0000,-1.0000,0.0000,100.0000
11.519401,0,1,0,0,0,0,0,0,3,2,0.0000,1.2800,10.6921,0,0.0000,-1.0000,0.0000,100.0000
11.634672,0,1,0,0,0,0,0,0,3,2,0.0000,1.2800,10.6921,0,0.0000,-1.0000,0.0000,100.0000
11.752378,0,1,0,0,0,0,0,0,3,2,0.0000,1.2800,10.6921,0,0.0000,-1.0000,0.0000,100.0000
11.870173,0,1,0,0,0,0,0,0,3,2,0.0000,1.2800,10.6921,0,0.0000,-1.0000,0.0000,100.0000
11.987869,0,1,0,0,0,0,0,0,3,2,0.0000,1.2800,10.6921,0,0.0000,-1.0000,0.0000,100.0000
12.029486,1,1,0,0,0,0,0,0,0,0,0.0000,0.0000,0.0000,0,0.0000,-1.0000,0.0000,100.0000
12.146254,1,1,0,0,0,0,0,0,0,0,0.0000,0.0000,0.0000,0,0.0000,-1.0000,0.0000,100.0000
12.262602,1,1,0,0,0,0,0,0,0,0,0.0000,0.0000,0.0000,0,0.0000,-1.0000,0.0000,100.0000
12.378446,1,1,0,0,0,0,0,0,0,0,0.0000,0.0000,0.0000,0,0.0000,-1.0000,0.0000,100.0000
12.494279,1,1,0,0,0,0,0,0,0,0,0.0000,0.0000,0.0000,0,0.0000,-1.0000,0.0000,100.0000
12.611371,1,1,0,0,0,0,0,0,0,0,0.0000,0.0000,0.0000,0,0.0000,-1.0000,0.0000,100.0000
12.730362,1,1,0,0,0,0,0,0,0,0,0.0000,0.0000,0.0000,0,0.0000,-1.0000,0.0000,100.0000
12.847939,1,1,0,0,0,0,1,0,1,0,22.5000,0.0000,0.0000,0,0.0000,-1.0000,0.0000,100.0000
12.967726,1,1,0,0,0,0,1,1,1,0,22.5000,0.0000,0.0000,0,0.0000,-1.0000,0.0000,100.0000
13.086535,1,1,0,0,0,0,1,1,1,0,22.5000,0.0000,0.0000,1,0.0000,-1.0000,0.0000,100.0000
13.205516,1,1,0,0,0,0,1,2,1,0,22.5000,0.0000,0.0000,1,0.0000,-1.0000,0.0000,100.0000
13.323863,1,1,0,0,0,0,1,3,1,0,22.5000,0.0000,0.0000,2,0.0000,-1.0000,0.0000,100.0000
13.441881,1,1,0,0,0,0,1,2,2,1,21.8000,0.7000,4.0000,3,0.0000,-1.0000,0.0000,100.0000
13.559885,1,1,0,0,0,0,1,3,2,1,21.8000,0.7000,5.0000,2,0.0000,-1.0000,0.0000,100.0000
13.678068,1,1,0,0,0,0,1,2,2,1,21.1000,1.4000,6.0000,3,0.0000,-1.0000,0.0000,100.0000
13.797866,1,1,0,0,0,0,1,3,2,1,21.1000,1.4000,7.0000,2,0.0000,-1.0000,0.0000,100.0000
13.917247,1,0,1,0,16,16,1,3,3,2,49.4000,2.1000,9.0000,2,223.9386,-1.0000,0.0000,100.0000
14.037211,1,0,1,0,16,16,1,2,4,3,48.7000,2.8000,10.0000,3,262.7475,-1.0000,0.0000,100.0000
14.157508,1,0,1,0,16,16,1,3,4,3,48.7000,2.8000,11.0000,2,391.7521,-1.0000,0.0000,100.0000
14.277861,1,0,1,0,16,16,1,2,5,4,48.0000,3.5000,12.0000,3,320.6700,-1.0000,0.0000,100.0000
14.395226,1,0,1,0,16,16,1,3,5,4,48.0000,3.5000,12.0993,2,351.3205,-1.0000,0.0000,100.0000
14.513722,1,0,1,0,16,16,1,1,8,7,45.9000,5.6000,12.0993,1,288.3565,-1.0000,0.0000,100.0000
14.632898,1,0,1,0,16,16,1,1,8,7,45.9000,5.6000,12.0993,1,148.6421,-1.0000,0.0000,100.0000
14.752676,1,0,1,0,16,16,1,1,9,8,45.2000,6.3000,12.0993,1,97.6622,-1.0000,0.0000,100.0000
14.872701,1,0,1,0,16,16,1,1,9,8,45.2000,6.3000,12.0993,1,65.5174,-1.0000,0.0000,100.0000
14.992581,1,0,1,0,16,16,1,1,10,9,44.5000,7.0000,12.0993,1,55.2835,-1.0000,0.0000,100.0000
15.112412,1,0,1,0,16,16,1,1,10,9,43.8000,7.7000,12.0993,1,118.1250,-1.0000,0.0000,100.0000
15.233486,1,0,1,0,16,16,1,1,10,9,43.8000,7.7000,12.0993,1,23.1847,-1.0000,0.0000,100.0000
15.355677,1,0,1,0,16,16,1,1,10,9,43.1000,8.4000,12.0993,1,19.6386,-1.0000,0.0000,100.0000
15.465449,1,0,1,0,16,16,1,1,10,9,43.1000,8.4000,12.0993,1,19.9526,-1.0000,0.0000,100.0000
15.583762,1,0,1,0,16,16,1,1,10,9,42.4000,9.1000,12.0993,1,12.8069,-1.0000,0.0000,100.0000
15.701749,1,0,1,0,16,16,1,1,10,9,42.4000,9.1000,12.0993,1,4.7492,-1.0000,0.0000,100.0000
15.819927,1,0,1,0,16,16,1,1,10,9,41.7000,9.8000,13.0000,1,4.7795,-1.0000,0.0000,100.0000
15.937466,1,0,1,0,16,16,1,1,10,9,41.0000,10.5000,14.0000,1,7.2103,-1.0000,0.0000,100.0000
16.055180,1,0,1,0,16,16,1,1,10,9,41.0000,10.5000,15.0000,1,4.7774,-1.0000,0.0000,100.0000
16.173901,1,0,1,0,16,16,1,1,10,9,40.3000,11.2000,16.0000,1,2.6531,-1.0000,0.0000,100.0000
16.291109,1,0,1,0,16,16,1,1,10,9,40.3000,11.2000,17.0000,1,2.0964,-1.0000,0.0000,100.0000
16.411400,1,0,1,0,16,16,1,1,10,9,39.6000,11.9000,19.0000,1,2.2875,-1.0000,0.0000,100.0000
16.529507,1,0,1,0,16,16,1,1,10,9,38.9000,12.6000,20.0000,1,2.2863,-1.0000,0.0000,100.0000
16.647705,1,0,1,0,16,16,1,1,10,9,38.9000,12.6000,20.0599,1,2.4901,-1.0000,0.0000,100.0000
16.766979,1,0,1,0,16,16,1,1,10,9,38.2000,13.3000,20.8745,1,2.7600,-1.0000,0.0000,100.0000
16.884985,1,0,1,0,16,16,1,1,10,9,38.2000,13.3000,20.8745,1,3.3268,-1.0000,0.0000,100.0000
17.002985,1,0,1,0,16,16,1,1,10,9,37.5000,14.0000,21.6493,1,4.1534,-1.0000,0.0000,100.0000
17.120468,1,0,1,0,16,16,1,1,10,9,36.8000,14.7000,22.3897,1,4.5186,-1.0000,0.0000,100.0000
17.239521,1,0,1,0,16,16,1,1,10,9,36.8000,14.7000,22.3897,1,3.2613,-1.0000,0.0000,100.0000
17.357546,1,0,1,0,16,16,1,1,10,9,36.1000,15.4000,23.0997,1,1.8278,-1.0000,0.0000,100.0000
17.475285,1,0,1,0,16,16,1,1,10,9,36.1000,15.4000,23.0997,1,2.0184,-1.0000,0.0000,100.0000
17.596031,1,0,1,0,16,16,1,1,10,9,35.4000,16.1000,23.7830,1,1.8892,-1.0000,0.0000,100.0000
17.714167,1,0,1,0,16,16,1,1,10,9,34.7000,16.8000,24.4422,1,1.8794,-1.0000,0.0000,100.0000
17.832943,1,0,1,0,16,16,1,1,10,9,34.7000,16.8000,24.4422,1,1.8933,-1.0000,0.0000,100.0000
17.951174,1,0,1,0,16,16,1,1,10,9,34.0000,17.5000,25.0798,1,1.7710,-1.0000,0.0000,100.0000
18.070864,1,0,1,0,16,16,1,1,10,9,34.0000,17.5000,25.0798,1,1.9001,-1.0000,0.0000,100.0000
18.189264,1,0,1,0,16,16,1,1,10,9,33.3000,18.2000,25.6978,1,1.7366,-1.0000,0.0000,100.0000
18.307997,1,0,1,0,16,16,1,1,10,9,32.6000,18.9000,26.2979,1,1.8216,-1.0000,0.0000,100.0000
18.426643,1,0,1,0,16,16,1,1,10,9,32.6000,18.9000,26.2979,1,1.8406,-1.0000,0.0000,100.0000
18.545628,1,0,1,0,16,16,1,1,10,9,31.9000,19.6000,26.8815,1,1.8578,-1.0000,0.0000,100.0000
18.666103,1,0,1,0,16,16,1,1,10,9,31.9000,19.6000,26.8815,1,1.8259,-1.0000,0.0000,100.0000
18.786274,1,0,1,0,16,16,1,1,10,9,31.2000,20.3000,27.4499,1,1.8938,-1.0000,0.0000,100.0000
18.903648,1,0,1,0,16,16,1,1,10,9,31.2000,20.3000,27.4499,1,1.7495,-1.0000,0.0000,100.0000
19.021868,1,0,1,0,16,16,1,1,10,9,30.5000,21.0000,28.0043,1,1.7790,-1.0000,0.0000,100.0000
19.140427,1,0,1,0,16,16,1,1,10,9,29.8000,21.7000,28.5457,1,1.7898,-1.0000,0.0000,100.0000
19.254858,1,0,1,0,16,16,1,1,10,9,29.8000,21.7000,28.5457,1,1.3370,-1.0000,0.0000,100.0000
19.379141,1,0,1,0,16,16,1,1,10,9,29.1000,22.4000,29.0749,1,1.3790,-1.0000,0.0000,100.0000
19.482868,1,0,1,0,16,16,1,1,10,9,29.1000,22.4000,29.0749,1,1.5306,-1.0000,0.0000,100.0000
19.598711,1,0,1,0,16,16,1,1,10,9,28.4000,23.1000,29.5927,1,2.1082,-1.0000,0.0000,100.0000
19.704454,1,0,1,0,16,16,1,1,10,9,28.4000,23.1000,29.5927,1,1.7547,-1.0000,0.0000,100.0000
19.823505,1,0,1,0,16,16,1,1,10,9,27.7000,23.8000,30.0998,1,1.8892,-1.0000,0.0000,100.0000
19.941158,1,0,1,0,16,16,1,1,10,9,27.0000,24.5000,30.5969,1,1.7492,-1.0000,0.0000,100.0000
20.059103,1,0,1,0,16,16,1,1,10,9,27.0000,24.5000,30.5969,1,1.7494,-1.0000,0.0000,100.0000
20.177069,1,0,1,0,16,16,1,1,10,9,26.3000,25.2000,31.0845,1,1.7639,-1.0000,0.0000,100.0000
20.295488,1,0,1,0,16,16,1,1,10,9,26.3000,25.2000,31.0845,1,1.8269,-1.0000,0.0000,100.0000
20.413277,1,0,1,0,16,16,1,1,10,9,25.6000,25.9000,31.5631,1,1.7427,-1.0000,0.0000,100.0000
20.531687,1,0,1,0,16,16,1,1,10,9,24.9000,26.6000,32.0333,1,1.8474,-1.0000,0.0000,100.0000
20.649506,1,0,1,0,16,16,1,1,10,9,24.9000,26.6000,32.0333,1,1.8625,-1.0000,0.0000,100.0000
20.767355,1,0,1,0,16,16,1,1,10,9,24.2000,27.3000,32.4955,1,1.7559,-1.0000,0.0000,100.0000
20.886633,1,0,1,0,16,16,1,1,10,9,24.2000,27.3000,32.4955,1,1.8762,-1.0000,0.0000,100.0000
21.006269,1,0,1,0,16,16,1,1,10,9,23.5000,28.0000,32.9500,1,1.8869,-1.0000,0.0000,100.0000
21.125607,1,0,1,0,16,16,1,1,10,9,22.8000,28.7000,33.3972,1,1.7704,-1.0000,0.0000,100.0000
21.245298,1,0,1,0,16,16,1,1,10,9,22.8000,28.7000,33.3972,1,1.8204,-1.0000,0.0000,100.0000
21.363026,1,0,1,0,16,16,1,1,10,9,22.1000,29.4000,33.8375,1,1.8545,-1.0000,0.0000,100.0000
21.482542,1,0,1,0,16,16,1,1,10,9,22.1000,29.4000,33.8375,1,1.8084,-1.0000,0.0000,100.0000
21.600473,1,0,1,0,16,16,1,1,10,9,21.4000,30.1000,34.2711,1,1.7640,-1.0000,0.0000,100.0000
21.719673,1,0,1,0,16,16,1,1,10,9,20.7000,30.8000,34.6985,1,1.8949,-1.0000,0.0000,100.0000
21.837976,1,0,1,0,16,16,0,1,10,9,0.7000,30.8000,34.6985,1,1.8228,-1.0000,0.0000,100.0000
21.956709,1,0,1,0,16,16,0,0,10,9,0.0000,31.5000,35.1198,1,1.8725,-1.0000,0.0000,100.0000
22.076191,1,0,1,0,16,16,0,0,10,9,0.0000,31.5000,35.1198,0,1.8785,-1.0000,0.0000,100.0000
22.196354,1,0,1,0,16,16,0,0,10,9,0.0000,31.5000,35.1198,0,1.8256,-1.0000,0.0000,100.0000
22.313576,1,0,1,0,16,16,0,0,10,9,0.0000,31.5000,35.1198,0,1.7194,-1.0000,0.0000,100.0000
22.432009,1,0,1,0,16,16,0,0,10,9,0.0000,31.5000,35.1198,0,1.8635,-1.0000,0.0000,100.0000
22.553505,1,0,1,0,16,16,0,0,10,9,0.0000,31.5000,35.1198,0,1.9777,-1.0000,0.0000,100.0000
22.666157,1,0,1,0,16,16,0,0,10,9,0.0000,31.5000,35.1198,0,1.7623,-1.0000,0.0000,100.0000
22.783913,1,0,1,0,16,16,0,0,10,9,0.0000,31.5000,35.1198,0,1.8437,-1.0000,0.0000,100.0000
22.902227,1,0,1,0,16,16,0,0,10,9,0.0000,31.5000,35.1198,0,1.8317,-1.0000,0.0000,100.0000
23.019773,1,0,1,0,16,16,0,0,10,9,0.0000,31.5000,35.1198,0,1.8082,-1.0000,0.0000,100.0000
23.137510,1,0,1,0,16,16,0,0,10,9,0.0000,31.5000,35.1198,0,1.8197,-1.0000,0.0000,100.0000
23.258360,1,0,1,0,16,16,0,0,10,9,0.0000,31.5000,35.1198,0,1.9504,-1.0000,0.0000,100.0000
23.375549,1,0,1,0,16,16,0,0,10,9,0.0000,31.5000,35.1198,0,1.7624,-1.0000,0.0000,100.0000
23.493387,1,0,1,0,16,16,0,0,10,9,0.0000,31.5000,35.1198,0,1.7989,-1.0000,0.0000,100.0000
23.613729,1,0,1,0,16,16,0,0,10,9,0.0000,31.5000,35.1198,0,1.9037,-1.0000,0.0000,100.0000
23.734539,1,0,1,0,16,16,0,0,10,9,0.0000,31.5000,35.1198,0,1.8118,-1.0000,0.0000,100.0000
23.855949,1,0,1,0,16,16,0,0,10,9,0.0000,31.5000,35.1198,0,1.9686,-1.0000,0.0000,100.0000
23.971453,1,0,1,0,16,16,0,0,10,9,0.0000,31.5000,35.1198,0,1.4548,-1.0000,0.0000,100.0000
24.021347,2,1,0,0,0,0,0,0,0,0,0.0000,0.0000,0.0000,0,0.0000,-1.0000,0.0000,100.0000
24.134281,2,1,0,0,0,0,0,0,0,0,0.0000,0.0000,0.0000,0,0.0000,-1.0000,0.0000,100.0000
24.255804,2,1,0,0,0,0,0,0,0,0,0.0000,0.0000,0.0000,0,0.0000,-1.0000,0.0000,100.0000
24.378637,2,1,0,0,0,0,0,0,0,0,0.0000,0.0000,0.0000,0,0.0000,-1.0000,0.0000,100.0000
24.492525,2,1,0,0,0,0,0,0,0,0,0.0000,0.0000,0.0000,0,0.0000,-1.0000,0.0000,100.0000
24.613977,2,1,0,0,0,0,0,0,0,0,0.0000,0.0000,0.0000,0,0.0000,-1.0000,0.0000,100.0000
24.734270,2,1,0,0,0,0,0,0,0,0,0.0000,0.0000,0.0000,0,0.0000,-1.0000,0.0000,100.0000
24.853695,2,1,0,1,3,3,2,0,2,0,36.0000,0.0000,0.0000,0,255.9130,-1.0000,0.0000,100.0000
24.973682,2,1,0,1,3,3,2,2,2,0,36.0000,0.0000,0.0000,0,271.6267,-1.0000,0.0000,100.0000
25.095400,2,1,0,1,3,3,2,2,2,0,36.0000,0.0000,0.0000,2,319.9304,-1.0000,0.0000,100.0000
25.214951,2,1,0,1,3,3,2,4,2,0,36.0000,0.0000,0.0000,4,380.1258,-1.0000,0.0000,100.0000
25.335182,2,1,0,1,3,3,2,6,2,0,36.0000,0.0000,0.0000,4,74.7647,-1.0000,0.0000,100.0000
25.455971,2,1,0,1,3,3,2,3,4,2,33.9000,2.1000,4.0000,6,70.1759,-1.0000,0.0000,100.0000
25.576805,2,1,0,1,3,3,2,4,5,3,33.2000,2.8000,5.0000,3,57.4991,-1.0000,0.0000,100.0000
25.695234,2,1,0,1,3,3,2,3,5,3,32.5000,3.5000,6.0000,4,50.8362,-1.0000,0.0000,100.0000
25.813442,2,1,0,1,3,3,2,4,5,3,31.8000,4.2000,7.0000,3,32.3191,-1.0000,0.0000,100.0000
25.931406,2,1,0,1,3,3,2,4,6,4,30.4000,5.6000,9.0000,2,18.7941,-1.0000,0.0000,100.0000
26.048122,2,1,0,1,3,3,2,2,8,6,29.0000,7.0000,10.0000,4,7.5886,-1.0000,0.0000,100.0000
26.165619,2,1,0,1,3,3,2,4,8,6,29.0000,7.0000,11.0000,2,1.5267,-1.0000,0.0000,100.0000
26.283333,2,1,0,1,3,3,2,2,9,7,27.6000,8.4000,12.0000,4,0.3029,-1.0000,0.0000,100.0000
26.400410,2,1,0,1,3,0,2,4,9,7,27.6000,8.4000,13.0000,2,0.0000,-1.0000,0.0000,100.0000
26.517689,2,1,0,1,3,0,2,4,10,8,26.2000,9.8000,15.0000,2,0.0000,-1.0000,0.0000,100.0000
26.634895,2,1,0,1,3,0,2,2,11,9,24.8000,11.2000,15.0399,4,0.0000,-1.0000,0.0000,100.0000
26.752974,2,1,0,1,3,0,2,4,11,9,24.8000,11.2000,15.0399,2,0.0000,-1.0000,0.0000,100.0000
26.870886,2,1,0,1,3,0,2,3,11,9,24.1000,11.9000,15.0399,4,0.0000,-1.0000,0.0000,100.0000
26.987379,2,1,0,1,3,0,2,4,12,10,23.4000,12.6000,15.0399,3,0.0000,-1.0000,0.0000,100.0000
27.104248,2,1,0,1,3,0,2,3,12,10,22.7000,13.3000,15.0399,4,0.0000,-1.0000,0.0000,100.0000
27.220808,2,1,0,1,3,0,2,3,12,10,21.3000,14.7000,16.0000,4,0.0000,-1.0000,0.0000,100.0000
27.337301,2,1,0,1,3,0,2,4,12,10,20.6000,15.4000,17.0000,3,0.0000,-1.0000,0.0000,100.0000
27.454264,2,1,0,1,3,0,2,3,12,10,19.9000,16.1000,18.0000,4,0.0000,-1.0000,0.0000,100.0000
27.571476,2,0,1,1,16,13,3,4,13,10,59.2000,16.8000,19.0000,3,49.4319,-1.0000,0.0000,100.0000
27.689806,2,0,1,1,16,13,3,4,13,10,58.5000,17.5000,20.0000,4,157.2810,-1.0000,0.0000,100.0000
27.808104,2,0,1,1,16,13,3,5,13,10,57.8000,18.2000,20.0599,4,245.2902,-1.0000,0.0000,100.0000
27.926126,2,0,1,1,16,13,3,6,13,10,56.4000,19.6000,20.8745,5,278.6748,-1.0000,0.0000,100.0000
28.045250,2,0,1,1,16,13,3,5,14,11,55.0000,21.0000,21.6493,6,246.3545,-1.0000,0.0000,100.0000
28.164328,2,0,1,1,16,13,3,5,15,12,53.6000,22.4000,21.6493,5,77.0784,-1.0000,0.0000,100.0000
28.282433,2,0,1,1,16,13,3,4,15,12,52.2000,23.8000,22.3897,5,57.8747,-1.0000,0.0000,100.0000
28.400661,2,0,1,1,16,13,2,4,16,13,50.8000,25.2000,22.3897,4,147.7241,-1.0000,0.0000,100.0000
28.518219,2,0,1,1,16,13,2,3,17,14,49.3000,26.7000,22.4929,3,160.6635,-1.0000,0.0000,100.0000
28.636677,2,0,1,1,16,13,2,2,17,14,47.9000,28.1000,22.4929,3,81.6632,-1.0000,0.0000,100.0000
28.754263,2,0,1,1,16,13,2,3,17,14,47.9000,28.1000,22.4929,2,112.4334,-1.0000,0.0000,100.0000
28.871834,2,0,1,1,16,13,2,2,17,14,46.5000,29.5000,22.4929,3,83.3771,-1.0000,0.0000,100.0000
28.990637,2,0,1,1,16,13,2,2,18,15,45.8000,30.2000,22.4929,2,45.5912,-1.0000,0.0000,100.0000
29.107565,2,0,1,1,16,13,2,1,18,15,44.4000,31.6000,22.4929,2,33.1277,-1.0000,0.0000,100.0000
29.225073,2,0,1,1,16,13,2,1,18,15,43.0000,33.0000,22.4929,2,34.4844,-1.0000,0.0000,100.0000
29.342331,2,0,1,1,16,13,2,2,18,15,43.0000,33.0000,22.4929,1,25.7041,-1.0000,0.0000,100.0000
29.459902,2,0,1,1,16,13,2,1,18,15,41.6000,34.4000,22.4929,2,27.4666,-1.0000,0.0000,100.0000
29.577692,2,0,1,1,16,13,2,2,18,15,41.6000,34.4000,22.4929,1,34.9990,-1.0000,0.0000,100.0000
29.695204,2,0,1,1,16,13,2,1,18,15,40.2000,35.8000,22.4929,2,45.0141,-1.0000,0.0000,100.0000
29.813419,2,0,1,1,16,13,2,2,18,15,40.2000,35.8000,22.4929,1,47.9356,-1.0000,0.0000,100.0000
29.929794,2,0,1,1,16,13,2,2,19,16,38.8000,37.2000,22.4929,1,57.1539,-1.0000,0.0000,100.0000
30.047140,2,0,1,1,16,13,2,1,19,16,37.4000,38.6000,22.4929,2,59.0134,-1.0000,0.0000,100.0000
30.166084,2,0,1,1,16,13,2,2,19,16,37.4000,38.6000,22.4929,1,15.8561,-1.0000,0.0000,100.0000
30.284042,2,0,1,1,16,13,2,1,19,16,36.0000,40.0000,22.4929,2,22.4176,-1.0000,0.0000,100.0000
30.401112,2,0,1,1,16,13,2,2,19,16,36.0000,40.0000,22.4929,1,20.4261,-1.0000,0.0000,100.0000
30.518007,2,0,1,1,16,13,2,2,19,16,34.6000,41.4000,22.4929,1,8.9899,-1.0000,0.0000,100.0000
30.636761,2,0,1,1,16,13,2,1,19,16,33.2000,42.8000,23.0997,2,11.8466,-1.0000,0.0000,100.0000
30.755203,2,0,1,1,16,13,2,2,19,16,33.2000,42.8000,23.0997,1,16.4246,-1.0000,0.0000,100.0000
30.874132,2,0,1,1,16,13,2,1,19,16,31.8000,44.2000,23.7830,2,14.2007,-1.0000,0.0000,100.0000
30.991074,2,0,1,1,16,13,2,2,19,16,31.8000,44.2000,23.7830,1,10.6645,-1.0000,0.0000,100.0000
31.108299,2,0,1,1,16,13,2,1,19,16,30.4000,45.6000,24.4422,2,9.2682,-1.0000,0.0000,100.0000
31.226486,2,0,1,1,16,13,2,1,19,16,29.0000,47.0000,25.0798,2,8.9681,-1.0000,0.0000,100.0000
31.346359,2,0,1,1,16,13,2,2,19,16,29.0000,47.0000,25.0798,1,10.8786,-1.0000,0.0000,100.0000
31.463562,2,0,1,1,16,13,2,1,19,16,27.6000,48.4000,25.6978,2,7.5302,-1.0000,0.0000,100.0000
31.581713,2,0,1,1,16,13,2,2,19,16,27.6000,48.4000,25.6978,1,9.2414,-1.0000,0.0000,100.0000
31.699963,2,0,1,1,16,13,2,1,19,16,26.2000,49.8000,26.2979,2,10.5824,-1.0000,0.0000,100.0000
31.818089,2,0,1,1,16,13,1,1,19,16,25.3000,50.7000,26.8815,2,9.8668,-1.0000,0.0000,100.0000
31.935236,2,0,1,1,16,13,1,1,19,16,25.3000,50.7000,26.8815,1,8.4456,-1.0000,0.0000,100.0000
32.052223,2,0,1,1,16,13,1,1,19,16,24.6000,51.4000,27.4499,1,8.3287,-1.0000,0.0000,100.0000
32.170208,2,0,1,1,16,13,1,1,19,16,24.6000,51.4000,27.4499,1,9.5440,-1.0000,0.0000,100.0000
32.287567,2,0,1,1,16,13,1,1,19,16,23.9000,52.1000,28.0043,1,9.3323,-1.0000,0.0000,100.0000
32.405602,2,0,1,1,16,13,1,1,19,16,23.9000,52.1000,28.0043,1,8.1050,-1.0000,0.0000,100.0000
32.524193,2,0,1,1,16,13,1,1,19,16,23.2000,52.8000,28.5457,1,8.4059,-1.0000,0.0000,100.0000
32.642071,2,0,1,1,16,13,1,1,19,16,22.5000,53.5000,29.0749,1,9.4050,-1.0000,0.0000,100.0000
32.759727,2,0,1,1,16,13,1,1,19,16,22.5000,53.5000,29.0749,1,7.4967,-1.0000,0.0000,100.0000
32.877171,2,0,1,1,16,13,1,1,19,16,21.8000,54.2000,29.5927,1,6.8068,-1.0000,0.0000,100.0000
32.995121,2,0,1,1,16,13,1,1,19,16,21.8000,54.2000,29.5927,1,8.6580,-1.0000,0.0000,100.0000
33.114098,2,0,1,1,16,13,1,1,19,16,21.1000,54.9000,30.0998,1,8.0758,-1.0000,0.0000,100.0000
33.230015,2,0,1,1,16,13,1,1,19,16,20.4000,55.6000,30.5969,1,7.6804,-1.0000,0.0000,100.0000
33.350296,2,0,1,1,16,13,1,1,19,16,20.4000,55.6000,30.5969,1,7.8904,-1.0000,0.0000,100.0000
33.468960,2,0,1,1,16,13,1,1,19,16,19.7000,56.3000,31.0845,1,8.4804,-1.0000,0.0000,100.0000
33.590034,2,0,1,1,16,13,1,1,19,16,19.7000,56.3000,31.0845,1,8.4381,-1.0000,0.0000,100.0000
33.710220,2,0,1,1,16,13,1,1,19,16,19.0000,57.0000,31.5631,1,7.9156,-1.0000,0.0000,100.0000
33.829021,2,0,1,1,16,13,1,1,19,16,18.3000,57.7000,32.0333,1,8.9031,-1.0000,0.0000,100.0000
33.947823,2,0,1,1,16,13,1,1,19,16,18.3000,57.7000,32.0333,1,9.0733,-1.0000,0.0000,100.0000
34.035114,3,1,0,0,0,0,0,0,0,0,0.0000,0.0000,0.0000,0,0.0000,-1.0000,0.0000,100.0000
34.143188,3,1,0,0,0,0,0,0,0,0,0.0000,0.0000,0.0000,0,0.0000,-1.0000,0.0000,100.0000
34.260815,3,1,0,0,0,0,0,0,0,0,0.0000,0.0000,0.0000,0,0.0000,-1.0000,0.0000,100.0000
34.379753,3,1,0,0,0,0,0,0,0,0,0.0000,0.0000,0.0000,0,0.0000,-1.0000,0.0000,100.0000
34.498817,3,1,0,0,0,0,0,0,0,0,0.0000,0.0000,0.0000,0,0.0000,-1.0000,0.0000,100.0000
34.618126,3,1,0,0,0,0,0,0,0,0,0.0000,0.0000,0.0000,0,0.0000,-1.0000,0.0000,100.0000
34.737011,3,1,0,0,0,0,0,0,0,0,0.0000,0.0000,0.0000,0,0.0000,-1.0000,0.0000,100.0000
34.859959,3,1,0,1,3,3,2,0,2,0,36.0000,0.0000,0.0000,0,264.1327,-1.0000,0.0000,100.0000
34.977695,3,1,0,1,3,3,2,2,2,0,36.0000,0.0000,0.0000,0,271.9725,-1.0000,0.0000,100.0000
35.096115,3,1,0,1,3,3,2,2,2,0,36.0000,0.0000,0.0000,2,313.3976,-1.0000,0.0000,100.0000
35.215080,3,1,0,1,3,3,2,4,2,0,36.0000,0.0000,0.0000,2,371.2080,-1.0000,0.0000,100.0000
35.334217,3,1,0,1,3,3,2,4,2,0,36.0000,0.0000,0.0000,4,55.1230,-1.0000,0.0000,100.0000
35.452477,3,1,0,1,3,3,2,3,4,2,33.9000,2.1000,4.0000,6,13.7948,-1.0000,0.0000,100.0000
35.569912,3,1,0,1,3,3,2,4,5,3,33.2000,2.8000,5.0000,3,21.8182,-1.0000,0.0000,100.0000
35.687790,3,1,0,1,3,3,2,3,5,3,32.5000,3.5000,6.0000,4,63.4883,-1.0000,0.0000,100.0000
35.806076,3,1,0,1,3,3,2,4,5,3,31.8000,4.2000,7.0000,3,26.5112,-1.0000,0.0000,100.0000
35.924660,3,1,0,1,3,3,2,2,6,4,30.4000,5.6000,8.0000,4,29.3133,-1.0000,0.0000,100.0000
36.043018,3,1,0,1,3,3,2,2,7,5,29.0000,7.0000,10.0000,4,0.6209,-1.0000,0.0000,100.0000
36.160034,3,1,0,1,3,3,2,4,7,5,29.0000,7.0000,11.0000,2,0.4493,-1.0000,0.0000,100.0000
36.276897,3,1,0,1,3,3,2,2,8,6,27.6000,8.4000,12.0000,4,0.3356,-1.0000,0.0000,100.0000
36.394257,3,1,0,1,3,3,2,4,8,6,27.6000,8.4000,13.0000,2,0.2470,-1.0000,0.0000,100.0000
36.510998,3,1,0,1,3,3,2,2,9,7,26.2000,9.8000,14.0000,4,0.1814,-1.0000,0.0000,100.0000
36.630032,3,1,0,1,3,3,2,4,9,7,26.2000,9.8000,15.0000,2,0.1320,-1.0000,0.0000,100.0000
36.748596,3,1,0,1,3,0,2,4,10,8,24.8000,11.2000,17.0000,2,0.0000,-1.0000,0.0000,100.0000
36.867809,3,1,0,1,3,0,2,2,11,9,23.4000,12.6000,18.0000,4,0.0000,-1.0000,0.0000,100.0000
36.990650,3,1,0,1,3,0,2,4,11,9,23.4000,12.6000,19.0000,2,0.0000,-1.0000,0.0000,100.0000
37.111195,3,1,0,1,3,0,2,3,11,9,22.7000,13.3000,20.0000,4,0.0000,-1.0000,0.0000,100.0000
37.227749,3,1,0,1,3,0,2,4,11,9,22.0000,14.0000,20.8745,3,0.0000,-1.0000,0.0000,100.0000
37.344200,3,1,0,1,3,0,2,4,12,10,20.6000,15.4000,21.6493,3,0.0000,-1.0000,0.0000,100.0000
37.461159,3,1,0,1,3,0,2,3,12,10,19.9000,16.1000,22.3897,4,0.0000,-1.0000,0.0000,100.0000
37.577778,3,0,1,1,16,13,3,4,13,10,59.2000,16.8000,22.3897,3,80.0813,-1.0000,0.0000,100.0000
37.694542,3,0,1,1,16,13,3,4,13,10,58.5000,17.5000,23.0997,4,146.4530,-1.0000,0.0000,100.0000
37.813015,3,0,1,1,16,13,3,5,13,10,57.8000,18.2000,23.0997,4,233.9217,-1.0000,0.0000,100.0000
37.931313,3,0,1,1,16,13,3,5,13,10,57.1000,18.9000,23.7830,5,292.3341,-1.0000,0.0000,100.0000
38.048378,3,0,1,1,16,13,3,6,13,10,55.7000,20.3000,24.4422,6,141.7784,-1.0000,0.0000,100.0000
38.165813,3,0,1,1,16,13,3,6,14,11,54.3000,21.7000,24.4422,6,143.4616,-1.0000,0.0000,100.0000
38.284870,3,0,1,1,16,13,3,4,14,11,52.2000,23.8000,25.0798,6,154.5731,-1.0000,0.0000,100.0000
38.402615,3,0,1,1,16,13,2,4,15,12,50.8000,25.2000,25.0798,4,203.5214,-1.0000,0.0000,100.0000
38.519794,3,0,1,1,16,13,2,3,15,12,50.0000,26.0000,25.1693,4,143.4946,-1.0000,0.0000,100.0000
38.637875,3,0,1,1,16,13,2,3,17,14,48.6000,27.4000,25.1693,2,88.0091,-1.0000,0.0000,100.0000
38.755810,3,0,1,1,16,13,2,2,17,14,47.2000,28.8000,25.1693,3,20.8382,-1.0000,0.0000,100.0000
38.873981,3,0,1,1,16,13,2,3,17,14,47.2000,28.8000,25.1693,2,75.6965,-1.0000,0.0000,100.0000
38.992306,3,0,1,1,16,13,2,2,18,15,45.8000,30.2000,25.1693,3,51.9921,-1.0000,0.0000,100.0000
39.109169,3,0,1,1,16,13,2,3,18,15,45.8000,30.2000,25.1693,2,32.1636,-1.0000,0.0000,100.0000
39.226425,3,0,1,1,16,13,2,2,18,15,44.4000,31.6000,25.1693,3,19.6193,-1.0000,0.0000,100.0000
39.345551,3,0,1,1,16,13,2,2,18,15,43.0000,33.0000,25.1693,3,24.5262,-1.0000,0.0000,100.0000
39.465889,3,0,1,1,16,13,2,3,18,15,43.0000,33.0000,25.1693,2,30.9516,-1.0000,0.0000,100.0000
39.582825,3,0,1,1,16,13,2,2,18,15,41.6000,34.4000,25.1693,3,56.8021,-1.0000,0.0000,100.0000
39.701897,3,0,1,1,16,13,2,3,18,15,41.6000,34.4000,25.1693,2,50.9749,-1.0000,0.0000,100.0000
39.820007,3,0,1,1,16,13,2,2,18,15,40.2000,35.8000,25.1693,3,78.1695,-1.0000,0.0000,100.0000
39.937172,3,0,1,1,16,13,2,2,18,15,38.8000,37.2000,25.1693,2,135.6585,-1.0000,0.0000,100.0000
40.056160,3,0,1,1,16,13,2,1,19,16,37.4000,38.6000,25.1693,2,100.9209,-1.0000,0.0000,100.0000
40.174076,3,0,1,1,16,13,2,2,19,16,37.4000,38.6000,25.1693,1,53.7358,-1.0000,0.0000,100.0000
40.291183,3,0,1,1,16,13,2,1,19,16,36.0000,40.0000,25.1693,2,59.2265,-1.0000,0.0000,100.0000
40.409504,3,0,1,1,16,13,2,2,19,16,36.0000,40.0000,25.1693,1,14.2601,-1.0000,0.0000,100.0000
40.528198,3,0,1,1,16,13,2,1,19,16,34.6000,41.4000,25.1693,2,10.8319,-1.0000,0.0000,100.0000
40.645847,3,0,1,1,16,13,2,1,19,16,33.2000,42.8000,25.1693,2,8.5027,-1.0000,0.0000,100.0000
40.767178,3,0,1,1,16,13,2,2,19,16,33.2000,42.8000,25.1693,1,12.9888,-1.0000,0.0000,100.0000
40.887821,3,0,1,1,16,13,2,1,19,16,31.8000,44.2000,25.1693,2,18.2756,-1.0000,0.0000,100.0000
41.009277,3,0,1,1,16,13,2,2,19,16,31.8000,44.2000,25.1693,1,21.2696,-1.0000,0.0000,100.0000
41.131783,3,0,1,1,16,13,2,1,19,16,30.4000,45.6000,25.1693,2,0.8459,-1.0000,0.0000,100.0000
41.252640,3,0,1,1,16,13,2,1,19,16,29.0000,47.0000,25.1693,2,1.0004,-1.0000,0.0000,100.0000
41.369705,3,0,1,1,16,13,2,2,19,16,29.0000,47.0000,25.1693,1,0.9765,-1.0000,0.0000,100.0000
41.486927,3,0,1,1,16,13,2,1,19,16,27.6000,48.4000,25.1693,2,0.8030,-1.0000,0.0000,100.0000
41.606430,3,0,1,1,16,13,2,2,19,16,27.6000,48.4000,25.1693,1,1.0364,-1.0000,0.0000,100.0000
41.724800,3,0,1,1,16,13,2,1,19,16,26.2000,49.8000,25.1693,2,0.8672,-1.0000,0.0000,100.0000
41.843700,3,0,1,1,16,13,1,1,19,16,25.3000,50.7000,25.1693,2,1.0532,-1.0000,0.0000,100.0000
41.961731,3,0,1,1,16,13,1,1,19,16,25.3000,50.7000,25.1693,1,0.8711,-1.0000,0.0000,100.0000
42.080254,3,0,1,1,16,13,1,1,19,16,24.6000,51.4000,25.1693,1,0.8627,-1.0000,0.0000,100.0000
42.197933,3,0,1,1,16,13,1,1,19,16,24.6000,51.4000,25.1693,1,0.8828,-1.0000,0.0000,100.0000
42.315960,3,0,1,1,16,13,1,1,19,16,23.9000,52.1000,25.1693,1,0.8848,-1.0000,0.0000,100.0000
42.433506,3,0,1,1,16,13,1,1,19,16,23.9000,52.1000,25.1693,1,0.8408,-1.0000,0.0000,100.0000
42.551556,3,0,1,1,16,13,1,1,19,16,23.2000,52.8000,25.1693,1,0.9817,-1.0000,0.0000,100.0000
42.670589,3,0,1,1,16,13,1,1,19,16,22.5000,53.5000,25.1693,1,0.8445,-1.0000,0.0000,100.0000
42.792881,3,0,1,1,16,13,1,1,19,16,22.5000,53.5000,25.1693,1,0.5907,-1.0000,0.0000,100.0000
42.902645,3,0,1,1,16,13,1,1,19,16,21.8000,54.2000,25.1693,1,1.0668,-1.0000,0.0000,100.0000
43.018177,3,0,1,1,3,0,1,1,19,16,21.8000,54.2000,25.1693,1,0.0000,-1.0000,0.0000,100.0000
43.134624,3,0,1,1,3,0,1,1,19,16,21.1000,54.9000,25.6978,1,0.0000,-1.0000,0.0000,100.0000
43.250004,3,0,1,1,3,0,1,1,19,16,20.4000,55.6000,26.2979,1,0.0000,-1.0000,0.0000,100.0000
43.366119,3,0,1,1,3,0,1,1,19,16,20.4000,55.6000,26.2979,1,0.0000,-1.0000,0.0000,100.0000
43.482212,3,0,1,1,3,0,1,1,19,16,19.7000,56.3000,26.8815,1,0.0000,-1.0000,0.0000,100.0000
43.598701,3,0,1,1,3,0,1,1,19,16,19.7000,56.3000,26.8815,1,0.0000,-1.0000,0.0000,100.0000
43.717403,3,0,1,1,3,0,1,1,19,16,19.0000,57.0000,27.4499,1,0.0000,-1.0000,0.0000,100.0000
43.837025,3,0,1,1,3,0,1,1,19,16,18.3000,57.7000,28.0043,1,0.0000,-1.0000,0.0000,100.0000
43.957516,3,0,1,1,3,0,1,1,19,16,18.3000,57.7000,28.0043,1,0.0000,-1.0000,0.0000,100.0000
44.045109,4,2,0,0,0,0,0,0,0,0,0.0000,0.0000,0.0000,0,0.0000,152.9706,0.0000,100.0000
44.157337,4,2,0,0,0,0,0,0,0,0,0.0000,0.0000,0.0000,0,0.0000,152.9854,0.0000,100.0000
44.279400,4,2,0,0,0,0,0,0,0,0,0.0000,0.0000,0.0000,0,0.0000,152.3096,0.0000,100.0000
44.392883,4,2,0,0,0,0,0,0,0,0,0.0000,0.0000,0.0000,0,0.0000,149.0216,0.0000,100.0000
44.513378,4,2,0,0,0,0,0,0,0,0,0.0000,0.0000,0.0000,0,0.0000,144.7157,0.0000,100.0000
44.633644,4,2,0,0,0,0,0,0,0,0,0.0000,0.0000,0.0000,0,0.0000,145.7922,0.0000,100.0000
44.753864,4,2,0,0,0,0,0,0,0,0,0.0000,0.0000,0.0000,0,0.0000,145.5863,0.0000,100.0000
44.872646,4,1,1,1,16,16,2,0,2,0,36.0000,0.0000,0.0000,0,216.4149,-1.0000,0.0000,100.0000
44.992081,4,1,1,1,16,16,2,2,2,0,36.0000,0.0000,0.0000,0,231.8985,-1.0000,0.0000,100.0000
45.112473,4,1,1,1,16,16,2,2,2,0,36.0000,0.0000,0.0000,2,286.9440,-1.0000,0.0000,100.0000
45.232914,4,1,1,1,16,16,2,4,2,0,36.0000,0.0000,0.0000,2,350.7578,-1.0000,0.0000,100.0000
45.352406,4,1,1,1,16,16,2,6,2,0,36.0000,0.0000,0.0000,4,338.0853,-1.0000,0.0000,100.0000
45.471500,4,1,1,1,16,16,2,5,3,1,35.3000,0.7000,4.0000,6,390.8632,-1.0000,0.0000,100.0000
45.591534,4,1,1,1,16,16,2,6,4,2,34.6000,1.4000,5.0000,5,131.1668,-1.0000,0.0000,100.0000
45.711754,4,0,2,2,32,32,4,3,10,6,67.1000,4.9000,6.0000,6,221.0245,-1.0000,0.0000,100.0000
45.831673,4,0,2,2,32,32,4,4,10,6,66.4000,5.6000,7.0000,3,258.1754,-1.0000,0.0000,100.0000
45.952400,4,0,2,2,32,32,4,6,10,6,65.0000,7.0000,9.0000,4,312.7601,-1.0000,0.0000,100.0000
46.072613,4,0,2,2,32,32,4,4,13,9,62.2000,9.8000,10.0000,6,310.9551,-1.0000,0.0000,100.0000
46.193199,4,0,2,2,32,32,4,3,16,12,60.1000,11.9000,10.0200,4,297.3384,-1.0000,0.0000,100.0000
46.313873,4,0,2,2,32,32,4,3,17,13,58.7000,13.3000,10.0200,3,209.4875,-1.0000,0.0000,100.0000
46.432690,4,0,2,2,32,32,4,2,19,15,56.6000,15.4000,11.0000,3,113.5851,-1.0000,0.0000,100.0000
46.554653,4,0,2,2,32,32,4,2,20,16,53.8000,18.2000,13.0000,3,56.8709,-1.0000,0.0000,100.0000
46.676880,4,0,2,2,32,32,4,4,20,16,53.8000,18.2000,14.0000,2,58.3522,-1.0000,0.0000,100.0000
46.800510,4,0,2,2,32,32,4,2,21,17,51.0000,21.0000,15.0000,4,38.0232,-1.0000,0.0000,100.0000
46.925129,4,0,2,2,32,32,4,4,21,17,51.0000,21.0000,15.0399,2,14.7976,-1.0000,0.0000,100.0000
47.032574,4,0,2,2,32,32,4,2,21,17,48.2000,23.8000,15.0399,4,9.0894,-1.0000,0.0000,100.0000
47.152039,4,0,2,2,32,32,4,2,21,17,45.4000,26.6000,15.0399,4,15.1407,-1.0000,0.0000,100.0000
47.271805,4,0,2,2,32,32,4,4,21,17,45.4000,26.6000,15.0399,2,12.5667,-1.0000,0.0000,100.0000
47.393505,4,0,2,2,32,32,4,2,21,17,42.6000,29.4000,16.0000,4,6.0822,-1.0000,0.0000,100.0000
47.514633,4,0,2,2,32,32,4,4,21,17,42.6000,29.4000,17.0000,2,3.1062,-1.0000,0.0000,100.0000
47.634598,4,0,2,2,32,32,4,2,21,17,39.8000,32.2000,18.0000,4,2.6760,-1.0000,0.0000,100.0000
47.753826,4,0,2,2,32,32,4,2,21,17,37.0000,35.0000,20.0000,4,2.3687,-1.0000,0.0000,100.0000
47.872200,4,0,2,2,32,32,4,4,21,17,37.0000,35.0000,20.0599,2,2.1334,-1.0000,0.0000,100.0000
47.991138,4,0,2,2,32,32,4,2,21,17,34.2000,37.8000,20.8745,4,1.9520,-1.0000,0.0000,100.0000
48.111309,4,0,2,2,32,32,4,4,21,17,34.2000,37.8000,20.8745,2,1.8123,-1.0000,0.0000,100.0000
48.230556,4,0,2,2,32,32,4,2,21,17,31.4000,40.6000,21.6493,4,1.7074,-1.0000,0.0000,100.0000
48.349651,4,0,2,2,32,32,3,2,21,17,28.6000,43.4000,22.3897,4,1.6285,-1.0000,0.0000,100.0000
48.468178,4,0,2,2,32,32,3,4,21,17,28.6000,43.4000,22.3897,2,1.5698,-1.0000,0.0000,100.0000
48.589314,4,0,2,2,32,32,3,1,22,18,26.4000,45.6000,23.0997,4,1.5253,-1.0000,0.0000,100.0000
48.708164,4,0,2,2,32,17,3,3,22,18,26.4000,45.6000,23.0997,1,1.4935,-1.0000,0.0000,100.0000
48.826183,4,0,2,2,32,17,3,1,22,18,24.3000,47.7000,23.7830,3,1.4709,-1.0000,0.0000,100.0000
48.944565,4,0,2,2,32,17,3,1,22,18,22.2000,49.8000,24.4422,3,1.4550,-1.0000,0.0000,100.0000
49.063820,4,0,2,2,29,14,2,3,22,18,22.2000,49.8000,24.4422,1,1.4442,-1.0000,0.0000,100.0000
49.181911,4,0,2,2,29,1,2,1,22,18,20.7000,51.3000,25.0798,3,1.4376,-1.0000,0.0000,100.0000
49.299683,4,0,2,2,29,1,2,2,22,18,20.7000,51.3000,25.0798,1,1.4341,-1.0000,0.0000,100.0000
49.416199,4,0,2,2,29,1,2,1,22,18,19.3000,52.7000,25.6978,2,1.4329,-1.0000,0.0000,100.0000
49.532997,4,0,2,2,29,1,2,2,22,18,19.3000,52.7000,25.6978,1,1.4334,-1.0000,0.0000,100.0000
49.651508,4,0,2,2,29,1,2,2,22,18,17.9000,54.1000,26.2979,1,1.4352,-1.0000,0.0000,100.0000
49.771889,4,0,2,2,29,1,2,1,22,18,16.5000,55.5000,26.8815,2,1.4379,-1.0000,0.0000,100.0000
49.890690,4,0,2,2,29,1,2,2,22,18,16.5000,55.5000,26.8815,1,1.4414,-1.0000,0.0000,100.0000
50.008289,4,0,2,2,29,1,2,1,22,18,15.1000,56.9000,27.4499,2,1.4452,-1.0000,0.0000,100.0000
50.126179,4,0,2,2,29,1,2,2,22,18,15.1000,56.9000,27.4499,1,1.4493,-1.0000,0.0000,100.0000
50.245251,4,0,2,2,29,1,2,2,22,18,13.7000,58.3000,28.0043,1,1.4536,-1.0000,0.0000,100.0000
50.361874,4,0,2,2,29,1,2,1,22,18,12.3000,59.7000,28.5457,2,1.4578,-1.0000,0.0000,100.0000
50.479744,4,0,2,2,29,1,2,2,22,18,12.3000,59.7000,28.5457,1,1.4619,-1.0000,0.0000,100.0000
50.599255,4,0,2,2,29,1,2,1,22,18,10.9000,61.1000,29.0749,2,1.4659,-1.0000,0.0000,100.0000
50.716537,4,0,2,2,29,1,2,2,22,18,10.9000,61.1000,29.0749,1,1.4696,-1.0000,0.0000,100.0000
50.835217,4,0,2,2,29,1,2,1,22,18,9.5000,62.5000,29.5927,2,1.4730,-1.0000,0.0000,100.0000
50.955029,4,0,2,2,29,1,2,1,22,18,8.1000,63.9001,30.0998,2,1.4761,-1.0000,0.0000,100.0000
51.072289,4,0,2,2,29,1,2,2,22,18,8.1000,63.9001,30.0998,1,1.4789,-1.0000,0.0000,100.0000
51.189598,4,0,2,2,29,1,2,1,22,18,6.7000,65.3000,30.5969,2,1.4812,-1.0000,0.0000,100.0000
51.308006,4,0,2,2,29,1,2,2,22,18,6.7000,65.3000,30.5969,1,0.8270,-1.0000,0.0000,100.0000
51.425743,4,0,2,2,29,1,2,1,22,18,5.3000,66.7000,31.0845,2,0.6902,-1.0000,0.0000,100.0000
51.543369,4,0,2,2,29,0,2,1,22,18,3.9000,68.1000,31.5631,2,0.0000,-1.0000,0.0000,100.0000
51.660328,4,0,2,2,29,0,2,2,22,18,3.9000,68.1000,31.5631,1,0.0000,-1.0000,0.0000,100.0000
51.779423,4,0,2,2,29,0,1,1,22,18,2.5000,69.5000,32.0333,2,0.0000,-1.0000,0.0000,100.0000
51.897102,4,0,2,2,29,0,1,2,22,18,2.5000,69.5000,32.0333,1,0.0000,-1.0000,0.0000,100.0000
52.015614,4,0,2,2,29,0,1,0,22,18,1.6000,70.4000,32.4955,2,0.0000,-1.0000,0.0000,100.0000
52.133350,4,0,2,2,29,0,1,1,22,18,1.6000,70.4000,32.4955,0,0.0000,-1.0000,0.0000,100.0000
52.249550,4,0,2,2,29,0,1,1,22,18,0.9000,71.1000,32.9500,0,0.0000,-1.0000,0.0000,100.0000
52.366829,4,0,2,2,29,0,1,0,22,18,0.2000,71.8000,33.3972,1,0.0000,-1.0000,0.0000,100.0000
52.483990,4,0,2,2,29,0,0,1,22,18,0.2000,71.8000,33.3972,0,0.0000,-1.0000,0.0000,100.0000
52.601799,4,0,2,2,29,0,0,0,22,18,0.0000,72.0000,33.5237,1,0.0000,-1.0000,0.0000,100.0000
52.719048,4,0,2,2,29,0,0,0,22,18,0.0000,72.0000,33.5237,0,0.0000,-1.0000,0.0000,100.0000
52.836651,4,0,2,2,29,0,0,0,22,18,0.0000,72.0000,33.5237,0,0.0000,-1.0000,0.0000,100.0000
52.954762,4,0,2,2,29,0,0,0,22,18,0.0000,72.0000,33.5237,0,0.0000,-1.0000,0.0000,100.0000
53.050201,5,6,0,0,0,0,0,0,0,0,0.0000,0.0000,0.0000,0,0.0000,95.0000,0.0000,100.0000
53.162777,5,6,0,0,0,0,0,0,0,0,0.0000,0.0000,0.0000,0,0.0000,95.0000,0.0000,100.0000
53.276741,5,6,0,0,0,0,0,0,0,0,0.0000,0.0000,0.0000,0,0.0000,94.3934,0.0000,100.0000
53.398621,5,6,0,0,0,0,0,0,0,0,0.0000,0.0000,0.0000,0,0.0000,94.4464,0.0000,100.0000
53.520908,5,6,0,0,0,0,0,0,0,0,0.0000,0.0000,0.0000,0,0.0000,92.3268,0.0000,100.0000
53.642857,5,6,0,0,0,0,0,0,0,0,0.0000,0.0000,0.0000,0,0.0000,91.3521,0.0000,100.0000
53.763931,5,6,0,0,0,0,0,0,0,0,0.0000,0.0000,0.0000,0,0.0000,90.4174,0.0000,100.0000
53.878006,5,5,1,0,16,16,1,0,1,0,40.0000,0.0000,0.0000,0,195.6491,89.3246,0.0000,100.0000
54.001781,5,5,1,0,16,16,1,1,1,0,40.0000,0.0000,0.0000,0,230.2353,86.9553,0.0000,100.0000
54.116497,5,5,1,0,16,16,1,1,1,0,40.0000,0.0000,0.0000,1,291.4755,85.4237,0.0000,100.0000
54.238960,5,5,1,0,16,16,1,2,1,0,40.0000,0.0000,0.0000,1,360.9989,87.0841,0.0000,100.0000
54.355469,5,4,2,0,32,32,2,4,2,0,80.0000,0.0000,0.0000,2,258.3584,96.9793,0.0000,100.0000
54.470650,5,4,2,0,32,32,2,2,4,2,78.6000,1.4000,4.0000,4,312.0130,97.8982,0.0000,100.0000
54.594036,5,3,3,0,48,48,3,5,5,2,118.6000,1.4000,5.0000,2,290.5967,97.7996,0.0000,100.0000
54.711170,5,2,4,0,64,64,4,4,7,3,157.9000,2.1000,6.0000,5,297.9984,106.2120,0.0000,100.0000
54.827110,5,2,4,0,64,64,4,8,7,3,157.9000,2.1000,7.0000,4,319.7211,100.1171,0.0000,100.0000
54.935734,5,1,5,0,80,80,5,6,9,4,196.5000,3.5000,8.0000,8,285.8199,-1.0000,0.0000,100.0000
55.059921,5,0,6,0,96,96,6,7,14,8,233.7000,6.3000,10.0000,10,277.4083,-1.0000,0.0000,100.0000
55.176804,5,0,6,0,96,96,6,11,15,9,232.3000,7.7000,10.0200,7,317.9102,-1.0000,0.0000,100.0000
55.285748,5,0,6,0,96,96,6,7,16,10,229.5000,10.5000,10.0200,11,269.7982,-1.0000,0.0000,100.0000
55.401947,5,0,6,0,96,96,6,12,17,11,228.7999,11.2000,11.0000,7,339.0774,-1.0000,0.0000,100.0000
55.511356,5,0,6,0,96,96,6,7,21,15,225.2999,14.7000,12.0000,12,244.5832,-1.0000,0.0000,100.0000
55.612137,5,0,6,0,96,96,6,9,24,18,222.4999,17.5000,12.0993,7,276.1434,-1.0000,0.0000,100.0000
55.728065,5,0,6,0,96,96,6,6,26,20,220.3999,19.6000,12.0993,9,336.6519,-1.0000,0.0000,100.0000
55.844406,5,0,6,0,96,96,6,8,27,21,217.6000,22.4000,13.0000,6,208.6879,-1.0000,0.0000,100.0000
55.960373,5,0,6,0,96,96,6,6,28,22,211.9999,28.0000,13.6948,5,141.3459,-1.0000,0.0000,100.0000
56.076904,5,0,6,0,96,96,6,6,28,22,211.9999,28.0000,13.6948,6,113.2447,-1.0000,0.0000,100.0000
56.177242,5,0,6,0,96,96,6,6,29,23,207.7999,32.2000,14.0000,6,88.9006,-1.0000,0.0000,100.0000
56.293304,5,0,6,0,96,96,6,6,29,23,207.7999,32.2000,15.0000,6,116.4335,-1.0000,0.0000,100.0000
56.410130,5,0,6,0,96,96,6,6,30,24,203.5999,36.4000,16.0000,6,61.7599,-1.0000,0.0000,100.0000
56.518684,5,0,6,0,96,96,6,6,30,24,203.5999,36.4000,17.0000,6,92.9476,-1.0000,0.0000,100.0000
56.619980,5,0,6,0,96,96,6,6,30,24,199.3999,40.6000,18.0000,6,25.6773,-1.0000,0.0000,100.0000
56.722340,5,0,6,0,96,96,6,6,30,24,199.3999,40.6000,19.0000,6,54.1889,-1.0000,0.0000,100.0000
56.822704,5,0,6,0,96,96,6,6,30,24,195.1999,44.8000,20.0000,6,19.1632,-1.0000,0.0000,100.0000
56.947239,5,0,6,0,96,96,6,6,31,25,190.9999,49.0000,20.0599,6,25.3476,-1.0000,0.0000,100.0000
57.071980,5,0,6,0,96,96,6,5,31,25,190.2999,49.7000,20.0599,6,37.8253,-1.0000,0.0000,100.0000
57.187664,5,0,6,0,96,96,6,6,31,25,186.7999,53.2000,20.8745,5,35.8030,-1.0000,0.0000,100.0000
57.289356,5,0,6,0,96,96,6,5,31,25,186.0999,53.9000,20.8745,6,19.9538,-1.0000,0.0000,100.0000
57.389854,5,0,6,0,96,96,6,6,31,25,182.5999,57.4000,21.6493,5,5.0018,-1.0000,0.0000,100.0000
57.497608,5,0,6,0,96,96,6,5,31,25,181.8999,58.1000,21.6493,6,4.5593,-1.0000,0.0000,100.0000
57.621822,5,0,6,0,96,96,6,6,32,26,178.3999,61.6000,22.3897,5,5.7354,-1.0000,0.0000,100.0000
57.735233,5,0,6,0,96,96,6,5,32,26,177.6999,62.3000,22.3897,6,3.7710,-1.0000,0.0000,100.0000
57.841503,5,0,6,0,96,96,6,6,32,26,174.1999,65.8000,23.0997,5,3.2961,-1.0000,0.0000,100.0000
57.951012,5,0,6,0,96,96,6,6,32,26,169.9999,70.0000,23.7830,5,2.9311,-1.0000,0.0000,100.0000
58.054932,5,0,6,0,96,96,6,5,32,26,169.2999,70.7000,23.7830,6,3.4043,-1.0000,0.0000,100.0000
58.159534,5,0,6,0,96,96,6,6,32,26,165.7999,74.2000,24.4422,5,4.2602,-1.0000,0.0000,100.0000
58.261139,5,0,6,0,96,96,6,5,32,26,165.0999,74.9000,24.4422,6,3.9360,-1.0000,0.0000,100.0000
58.362545,5,0,6,0,96,96,6,6,32,26,161.5999,78.4000,25.0798,5,4.1065,-1.0000,0.0000,100.0000
58.471386,5,0,6,0,96,96,6,5,32,26,160.8999,79.1000,25.0798,6,5.0652,-1.0000,0.0000,100.0000
58.572369,5,0,6,0,96,96,6,6,32,26,157.3999,82.6000,25.6978,5,7.2214,-1.0000,0.0000,100.0000
58.680767,5,0,6,0,96,96,6,5,32,26,156.6999,83.3000,25.6978,6,10.5625,-1.0000,0.0000,100.0000
58.791492,5,0,6,0,96,96,6,6,32,26,153.1999,86.7999,26.2979,5,14.2574,-1.0000,0.0000,100.0000
58.900753,5,0,6,0,96,96,6,5,32,26,152.4999,87.4999,26.2979,6,9.6536,-1.0000,0.0000,100.0000
59.004349,5,0,6,0,96,96,6,6,32,26,148.9999,90.9999,26.8815,5,12.1349,-1.0000,0.0000,100.0000
59.120831,5,0,6,0,96,96,6,5,32,26,148.2999,91.6999,26.8815,6,13.4800,-1.0000,0.0000,100.0000
59.230297,5,0,6,0,96,80,6,6,32,26,144.7999,95.1999,27.4499,5,18.7104,-1.0000,0.0000,100.0000
59.345791,5,0,6,0,80,64,6,5,32,26,144.0999,95.8999,27.4499,6,24.5621,-1.0000,0.0000,100.0000
59.461555,5,0,6,0,80,64,6,5,32,26,139.8999,100.0999,28.0043,6,19.4184,-1.0000,0.0000,100.0000
59.585739,5,0,6,0,80,64,6,6,32,26,136.3999,103.5999,28.5457,5,13.2884,-1.0000,0.0000,100.0000
59.702404,5,0,6,0,80,64,6,5,32,26,135.6999,104.2999,28.5457,6,4.3570,-1.0000,0.0000,100.0000
59.818432,5,0,6,0,80,64,6,6,32,26,132.1999,107.7999,29.0749,5,4.9793,-1.0000,0.0000,100.0000
59.941853,5,0,6,0,80,64,6,5,32,26,131.4999,108.4999,29.0749,6,7.1510,-1.0000,0.0000,100.0000
60.065861,5,0,6,0,80,64,6,5,32,26,127.2999,112.6998,29.5927,6,7.9792,-1.0000,0.0000,100.0000
60.166672,5,0,6,0,80,64,6,6,32,26,123.7998,116.1998,30.0998,5,6.1630,-1.0000,0.0000,100.0000
60.290112,5,0,6,0,80,64,6,5,32,26,123.0998,116.8998,30.0998,6,5.8492,-1.0000,0.0000,100.0000
60.405880,5,0,6,0,80,64,6,6,32,26,119.5998,120.3998,30.5969,5,5.8459,-1.0000,0.0000,100.0000
60.527985,5,0,6,0,80,64,6,5,32,26,118.8998,121.0998,30.5969,6,4.9688,-1.0000,0.0000,100.0000
60.636677,5,0,6,0,80,64,6,6,32,26,115.3998,124.5998,31.0845,5,3.5553,-1.0000,0.0000,100.0000
60.761292,5,0,6,0,80,64,6,6,32,26,111.1998,128.7998,31.5631,5,3.1766,-1.0000,0.0000,100.0000
60.870155,5,0,6,0,80,64,6,5,32,26,110.4998,129.4998,31.5631,6,2.9662,-1.0000,0.0000,100.0000
60.971478,5,0,6,0,80,64,6,6,32,26,106.9998,132.9998,32.0333,5,3.4172,-1.0000,0.0000,100.0000
61.081047,5,0,6,0,96,80,6,5,32,26,107.5798,133.6998,32.0333,6,2.9577,-1.0000,0.0000,100.0000
61.199314,5,0,6,0,96,80,6,6,32,26,104.0798,137.1997,32.4955,5,2.5149,-1.0000,0.0000,100.0000
61.304794,5,0,6,0,96,80,6,4,32,26,102.6798,138.5997,32.9500,6,2.1360,-1.0000,0.0000,100.0000
61.408085,5,0,6,0,96,80,6,6,32,26,99.8798,141.3997,32.9500,4,3.9447,-1.0000,0.0000,100.0000
61.524265,5,0,6,0,96,80,6,4,32,26,98.4798,142.7997,33.3972,6,3.5891,-1.0000,0.0000,100.0000
61.632603,5,0,6,0,96,80,6,6,32,26,95.6798,145.5997,33.3972,4,3.2872,-1.0000,0.0000,100.0000
61.757385,5,0,6,0,96,80,6,6,32,26,91.4798,149.7997,33.8375,4,2.8929,-1.0000,0.0000,100.0000
61.866634,5,0,6,0,96,80,5,4,32,26,78.0799,151.1997,34.2711,6,2.8552,-1.0000,0.0000,100.0000
61.975197,5,0,6,0,96,80,5,5,32,26,75.2799,153.9997,34.2711,4,2.9745,-1.0000,0.0000,100.0000
62.083477,5,0,6,0,96,80,5,3,32,26,73.8799,155.3997,34.6985,5,3.6233,-1.0000,0.0000,100.0000
62.191952,5,0,6,0,96,80,5,5,32,26,71.7799,157.4996,34.6985,3,3.2032,-1.0000,0.0000,100.0000
62.308567,5,0,6,0,96,80,5,3,32,26,70.3799,158.8996,35.1198,5,2.0997,-1.0000,0.0000,100.0000
62.417488,5,0,6,0,96,80,5,5,32,26,68.2799,160.9996,35.1198,3,1.9122,-1.0000,0.0000,100.0000
62.520031,5,0,6,0,96,80,5,3,32,26,66.8799,162.3996,35.5352,5,1.8186,-1.0000,0.0000,100.0000
62.623318,5,0,6,0,96,80,4,4,32,26,52.7799,164.4996,35.5352,3,1.7777,-1.0000,0.0000,100.0000
62.725456,5,0,6,0,96,80,4,2,32,26,51.3799,165.8996,35.9451,4,1.5396,-1.0000,0.0000,100.0000
62.829205,5,0,6,0,96,80,3,3,32,26,37.9799,167.2996,35.9451,2,1.6715,-1.0000,0.0000,100.0000
62.931572,5,0,6,0,96,80,3,1,32,26,36.5799,168.6996,36.3496,3,1.7556,-1.0000,0.0000,100.0000
63.032558,5,0,6,0,96,80,2,2,32,26,23.8800,169.3996,36.3496,1,1.4810,-1.0000,0.0000,100.0000
63.149288,5,0,6,0,96,80,1,1,32,26,10.4800,170.7996,36.7490,1,4.4777,-1.0000,0.0000,100.0000
63.265991,5,0,6,0,96,80,1,0,32,26,9.7800,171.4996,37.1434,1,2.9659,-1.0000,0.0000,100.0000
63.382317,5,0,6,0,96,80,1,1,32,26,9.7800,171.4996,37.1434,0,5.1252,-1.0000,0.0000,100.0000
63.498947,5,0,6,0,96,80,1,0,32,26,9.0800,172.1996,37.5331,1,5.2233,-1.0000,0.0000,100.0000
63.599621,5,0,6,0,96,80,1,1,32,26,9.0800,172.1996,37.5331,0,2.2245,-1.0000,0.0000,100.0000
63.700161,5,0,6,0,96,80,1,0,32,26,8.3800,172.8996,37.9181,1,4.6417,-1.0000,0.0000,100.0000
63.808784,5,0,6,0,96,80,1,1,32,26,8.3800,172.8996,37.9181,0,1.9317,-1.0000,0.0000,100.0000
63.932949,5,0,6,0,96,80,1,0,32,26,7.6800,173.5996,38.2987,1,5.4028,-1.0000,0.0000,100.0000
64.057243,5,0,6,0,96,80,1,0,32,26,6.9800,174.2996,38.6749,1,5.7216,-1.0000,0.0000,100.0000
64.165024,5,0,6,0,96,80,1,1,32,26,6.9800,174.2996,38.6749,0,5.8633,-1.0000,0.0000,100.0000
64.289040,5,0,6,0,96,80,1,0,32,26,6.2800,174.9996,39.0470,1,7.2471,-1.0000,0.0000,100.0000
64.412674,5,0,6,0,96,80,1,1,32,26,6.2800,174.9996,39.0470,0,7.9870,-1.0000,0.0000,100.0000
64.536911,5,0,6,0,80,64,1,0,32,26,5.5800,175.6996,39.4151,1,10.0259,-1.0000,0.0000,100.0000
64.661072,5,0,6,0,80,64,1,0,32,26,4.8800,176.3996,39.7793,1,14.2180,-1.0000,0.0000,100.0000
64.769928,5,0,6,0,80,64,1,1,32,26,4.8800,176.3996,39.7793,0,10.3941,-1.0000,0.0000,100.0000
64.892876,5,0,6,0,80,64,1,0,32,26,4.1800,177.0996,40.1397,1,9.7722,-1.0000,0.0000,100.0000
65.016914,5,0,6,0,80,64,1,1,32,26,4.1800,177.0996,40.1397,0,9.3083,-1.0000,0.0000,100.0000
65.141182,5,0,6,0,80,64,1,0,32,26,3.4800,177.7996,40.4965,1,7.3518,-1.0000,0.0000,100.0000
65.257195,5,0,6,0,80,64,1,0,32,26,2.7800,178.4996,40.8497,1,8.9912,-1.0000,0.0000,100.0000
65.380547,5,0,6,0,80,64,1,1,32,26,2.7800,178.4996,40.8497,0,9.2466,-1.0000,0.0000,100.0000
65.504700,5,0,6,0,80,64,1,0,32,26,2.0800,179.1996,41.1995,1,8.1628,-1.0000,0.0000,100.0000
65.629013,5,0,6,0,80,64,1,1,32,26,2.0800,179.1996,41.1995,0,10.1894,-1.0000,0.0000,100.0000
65.737709,5,0,6,0,80,64,1,0,32,26,1.3800,179.8996,41.5459,1,9.2767,-1.0000,0.0000,100.0000
65.846588,5,0,6,0,80,64,1,0,32,26,0.6800,180.5995,41.8890,1,5.6907,-1.0000,0.0000,100.0000
65.948303,5,0,6,0,80,64,1,0,32,26,0.6800,180.5995,41.8890,0,3.6064,-1.0000,0.0000,100.0000
66.063797,5,0,6,0,80,64,0,1,32,26,0.6800,180.5995,41.8890,0,3.3625,-1.0000,0.0000,100.0000
66.089745,6,18,0,0,0,0,0,0,0,0,0.0000,0.0000,0.0000,0,0.0000,90.0000,0.0000,100.0000
66.197403,6,18,0,0,0,0,0,0,0,0,0.0000,0.0000,0.0000,0,0.0000,88.2823,0.0000,100.0000
66.303299,6,18,0,0,0,0,0,0,0,0,0.0000,0.0000,0.0000,0,0.0000,86.6335,0.0000,100.0000
66.409454,6,18,0,0,0,0,0,0,0,0,0.0000,0.0000,0.0000,0,0.0000,84.2839,0.0000,100.0000
66.513901,6,18,0,0,0,0,0,0,0,0,0.0000,0.0000,0.0000,0,0.0000,83.1137,0.0000,100.0000
66.620338,6,18,0,0,0,0,0,0,0,0,0.0000,0.0000,0.0000,0,0.0000,82.4566,0.0000,100.0000
66.727791,6,18,0,0,0,0,0,0,0,0,0.0000,0.0000,0.0000,0,0.0000,81.5282,0.0000,100.0000
66.833481,6,18,0,0,0,0,0,0,0,0,0.0000,0.0000,0.0000,0,0.0000,75.8481,0.0000,100.0000
66.940094,6,18,0,0,0,0,0,0,0,0,0.0000,0.0000,0.0000,0,0.0000,71.0671,0.0000,100.0000
67.045868,6,18,0,0,0,0,0,0,0,0,0.0000,0.0000,0.0000,0,0.0000,67.2749,0.0000,100.0000
67.151169,6,18,0,0,0,0,0,0,0,0,0.0000,0.0000,0.0000,0,0.0000,64.0111,0.0000,100.0000
67.256752,6,18,0,0,0,0,0,0,0,0,0.0000,0.0000,0.0000,0,0.0000,60.8100,0.0000,100.0000
67.361862,6,18,0,0,0,0,0,0,0,0,0.0000,0.0000,0.0000,0,0.0000,64.7401,0.0000,100.0000
67.466560,6,18,0,0,0,0,0,0,0,0,0.0000,0.0000,0.0000,0,0.0000,57.6235,0.0000,100.0000
67.572098,6,18,0,0,0,0,0,0,0,0,0.0000,0.0000,0.0000,0,0.0000,58.3331,0.0000,100.0000
67.677513,6,18,0,0,0,0,0,0,0,0,0.0000,0.0000,0.0000,0,0.0000,57.0919,0.0000,100.0000
67.782944,6,18,0,0,0,0,0,0,0,0,0.0000,0.0000,0.0000,0,0.0000,55.8152,0.0000,100.0000
67.887924,6,18,0,0,0,0,0,0,0,0,0.0000,0.0000,0.0000,0,0.0000,54.7038,0.0000,100.0000
67.992867,6,18,0,0,0,0,0,0,0,0,0.0000,0.0000,0.0000,0,0.0000,54.6622,0.0000,100.0000
68.098816,6,18,0,0,0,0,0,0,0,0,0.0000,0.0000,0.0000,0,0.0000,54.9453,0.0000,100.0000
68.206314,6,18,0,0,0,0,0,0,0,0,0.0000,0.0000,0.0000,0,0.0000,59.7390,0.0000,100.0000
68.312592,6,18,0,0,0,0,0,0,0,0,0.0000,0.0000,0.0000,0,0.0000,62.1886,0.0000,100.0000
68.420570,6,18,0,0,0,0,0,0,0,0,0.0000,0.0000,0.0000,0,0.0000,58.5271,0.0000,100.0000
68.521118,6,18,0,0,0,0,0,0,0,0,0.0000,0.0000,0.0000,0,0.0000,54.1060,0.0000,100.0000
68.629402,6,18,0,0,0,0,0,0,0,0,0.0000,0.0000,0.0000,0,0.0000,54.0233,0.0000,81.0000
68.736351,6,18,0,0,0,0,0,0,0,0,0.0000,0.0000,0.0000,0,0.0000,54.0313,0.0000,100.0000
68.842506,6,18,0,0,0,0,0,0,0,0,0.0000,0.0000,0.0000,0,0.0000,54.0306,0.0000,100.0000
68.946983,6,18,0,0,0,0,0,0,0,0,0.0000,0.0000,0.0000,0,0.0000,54.0062,0.0000,100.0000
69.053062,6,18,0,0,0,0,0,0,0,0,0.0000,0.0000,0.0000,0,0.0000,54.0062,0.0000,100.0000
69.158447,6,18,0,0,0,0,0,0,0,0,0.0000,0.0000,0.0000,0,0.0000,54.0062,0.0000,100.0000
69.262932,6,18,0,0,0,0,0,0,0,0,0.0000,0.0000,0.0000,0,0.0000,54.0062,0.0000,100.0000
69.373322,6,18,0,0,0,0,0,0,0,0,0.0000,0.0000,0.0000,0,0.0000,54.0192,0.0000,100.0000
69.480301,6,18,0,0,0,0,0,0,0,0,0.0000,0.0000,0.0000,0,0.0000,54.0192,0.0000,100.0000
69.586998,6,18,0,0,0,0,0,0,0,0,0.0000,0.0000,0.0000,0,0.0000,54.0192,0.0000,100.0000
69.692505,6,18,0,0,0,0,0,0,0,0,0.0000,0.0000,0.0000,0,0.0000,54.0192,0.0000,100.0000
69.798965,6,18,0,0,0,0,0,0,0,0,0.0000,0.0000,0.0000,0,0.0000,54.0184,0.0000,100.0000
69.904633,6,18,0,0,0,0,0,0,0,0,0.0000,0.0000,0.0000,0,0.0000,54.0192,0.0000,100.0000
70.009369,6,18,0,0,0,0,0,0,0,0,0.0000,0.0000,0.0000,0,0.0000,54.0192,0.0000,100.0000
70.115204,6,18,0,0,0,0,0,0,0,0,0.0000,0.0000,0.0000,0,0.0000,54.0192,0.0000,100.0000
70.220451,6,18,0,0,0,0,0,0,0,0,0.0000,0.0000,0.0000,0,0.0000,54.0192,0.0000,100.0000
70.325745,6,18,0,0,0,0,0,0,0,0,0.0000,0.0000,0.0000,0,0.0000,54.0192,0.0000,100.0000
70.431877,6,18,0,0,0,0,0,0,0,0,0.0000,0.0000,0.0000,0,0.0000,54.0204,0.0000,100.0000
70.539261,6,18,0,0,0,0,0,0,0,0,0.0000,0.0000,0.0000,0,0.0000,54.0021,0.0000,100.0000
70.645638,6,18,0,0,0,0,0,0,0,0,0.0000,0.0000,0.0000,0,0.0000,54.0028,0.0000,100.0000
70.751541,6,18,0,0,0,0,0,0,0,0,0.0000,0.0000,0.0000,0,0.0000,54.0028,0.0000,100.0000
70.857193,6,18,0,0,0,0,0,0,0,0,0.0000,0.0000,0.0000,0,0.0000,54.0139,0.0000,100.0000
70.963058,6,18,0,0,0,0,0,0,0,0,0.0000,0.0000,0.0000,0,0.0000,54.0168,0.0000,100.0000
71.071228,6,18,0,0,0,0,0,0,0,0,0.0000,0.0000,0.0000,0,0.0000,54.0296,0.0000,100.0000
71.176811,6,18,0,0,0,0,0,0,0,0,0.0000,0.0000,0.0000,0,0.0000,54.0741,0.0000,100.0000
71.280746,6,18,0,0,0,0,0,0,0,0,0.0000,0.0000,0.0000,0,0.0000,54.0048,0.0000,100.0000
71.384819,6,18,0,0,0,0,0,0,0,0,0.0000,0.0000,0.0000,0,0.0000,54.0048,0.0000,100.0000
71.490555,6,18,0,0,0,0,0,0,0,0,0.0000,0.0000,0.0000,0,0.0000,54.0185,0.0000,100.0000
71.596771,6,18,0,0,0,0,0,0,0,0,0.0000,0.0000,0.0000,0,0.0000,54.0160,0.0000,100.0000
71.703255,6,18,0,0,0,0,0,0,0,0,0.0000,0.0000,0.0000,0,0.0000,54.0062,0.0000,100.0000
71.812134,6,18,0,0,0,0,0,0,0,0,0.0000,0.0000,0.0000,0,0.0000,54.0014,0.0000,100.0000
71.918411,6,18,0,0,0,0,0,0,0,0,0.0000,0.0000,0.0000,0,0.0000,54.0018,0.0000,100.0000
72.030579,6,18,0,0,0,0,0,0,0,0,0.0000,0.0000,0.0000,0,0.0000,54.0018,0.0000,100.0000
72.141197,6,18,0,0,0,0,0,0,0,0,0.0000,0.0000,0.0000,0,0.0000,54.0018,0.0000,100.0000
72.248093,6,18,0,0,0,0,0,0,0,0,0.0000,0.0000,0.0000,0,0.0000,54.0018,0.0000,100.0000
72.355247,6,18,0,0,0,0,0,0,0,0,0.0000,0.0000,0.0000,0,0.0000,54.0151,0.0000,100.0000
72.462746,6,18,0,0,0,0,0,0,0,0,0.0000,0.0000,0.0000,0,0.0000,54.0647,0.0000,100.0000
72.566315,6,18,0,0,0,0,0,0,0,0,0.0000,0.0000,0.0000,0,0.0000,54.0148,0.0000,100.0000
72.673668,6,18,0,0,0,0,0,0,0,0,0.0000,0.0000,0.0000,0,0.0000,54.0114,0.0000,100.0000
72.783401,6,18,0,0,0,0,0,0,0,0,0.0000,0.0000,0.0000,0,0.0000,54.0116,0.0000,100.0000
72.890587,6,18,0,0,0,0,0,0,0,0,0.0000,0.0000,0.0000,0,0.0000,54.0118,0.0000,100.0000
72.996155,6,18,0,0,0,0,0,0,0,0,0.0000,0.0000,0.0000,0,0.0000,54.0221,0.0000,100.0000
73.103104,6,18,0,0,0,0,0,0,0,0,0.0000,0.0000,0.0000,0,0.0000,54.1454,0.0000,100.0000
73.208603,6,18,0,0,0,0,0,0,0,0,0.0000,0.0000,0.0000,0,0.0000,54.0430,0.0000,81.0000
73.313194,6,18,0,0,0,0,0,0,0,0,0.0000,0.0000,0.0000,0,0.0000,54.0414,0.0000,100.0000
73.419128,6,18,0,0,0,0,0,0,0,0,0.0000,0.0000,0.0000,0,0.0000,54.0020,0.0000,100.0000
73.524849,6,18,0,0,0,0,0,0,0,0,0.0000,0.0000,0.0000,0,0.0000,54.0020,0.0000,100.0000
73.629562,6,18,0,0,0,0,0,0,0,0,0.0000,0.0000,0.0000,0,0.0000,54.0249,0.0000,100.0000
73.735062,6,18,0,0,0,0,0,0,0,0,0.0000,0.0000,0.0000,0,0.0000,54.0239,0.0000,100.0000
73.840790,6,18,0,0,0,0,0,0,0,0,0.0000,0.0000,0.0000,0,0.0000,54.0195,0.0000,100.0000
73.945389,6,18,0,0,0,0,0,0,0,0,0.0000,0.0000,0.0000,0,0.0000,54.0195,0.0000,100.0000
74.051460,6,18,0,0,0,0,0,0,0,0,0.0000,0.0000,0.0000,0,0.0000,54.0055,0.0000,100.0000
74.155952,6,18,0,0,0,0,0,0,0,0,0.0000,0.0000,0.0000,0,0.0000,54.0021,0.0000,100.0000
74.260818,6,18,0,0,0,0,0,0,0,0,0.0000,0.0000,0.0000,0,0.0000,54.0029,0.0000,100.0000
74.366661,6,18,0,0,0,0,0,0,0,0,0.0000,0.0000,0.0000,0,0.0000,54.0108,0.0000,100.0000
74.472366,6,18,0,0,0,0,0,0,0,0,0.0000,0.0000,0.0000,0,0.0000,54.0039,0.0000,100.0000
74.578308,6,18,0,0,0,0,0,0,0,0,0.0000,0.0000,0.0000,0,0.0000,54.0012,0.0000,100.0000
74.683746,6,18,0,0,0,0,0,0,0,0,0.0000,0.0000,0.0000,0,0.0000,54.0012,0.0000,100.0000
74.789246,6,18,0,0,0,0,0,0,0,0,0.0000,0.0000,0.0000,0,0.0000,54.0013,0.0000,100.0000
74.895378,6,18,0,0,0,0,0,0,0,0,0.0000,0.0000,0.0000,0,0.0000,54.0016,0.0000,100.0000
75.001900,6,18,0,0,0,0,0,0,0,0,0.0000,0.0000,0.0000,0,0.0000,54.0020,0.0000,100.0000
75.107742,6,18,0,0,0,0,0,0,0,0,0.0000,0.0000,0.0000,0,0.0000,54.0023,0.0000,100.0000
75.213303,6,18,0,0,0,0,0,0,0,0,0.0000,0.0000,0.0000,0,0.0000,54.0090,0.0000,100.0000
75.317032,6,18,0,0,0,0,0,0,0,0,0.0000,0.0000,0.0000,0,0.0000,54.0125,0.0000,81.0000
75.421440,6,18,0,0,0,0,0,0,0,0,0.0000,0.0000,0.0000,0,0.0000,54.0087,0.0000,100.0000
75.525520,6,18,0,0,0,0,0,0,0,0,0.0000,0.0000,0.0000,0,0.0000,54.0188,0.0000,100.0000
75.631187,6,18,0,0,0,0,0,0,0,0,0.0000,0.0000,0.0000,0,0.0000,54.0070,0.0000,100.0000
75.736511,6,18,0,0,0,0,0,0,0,0,0.0000,0.0000,0.0000,0,0.0000,54.0103,0.0000,100.0000
75.841324,6,18,0,0,0,0,0,0,0,0,0.0000,0.0000,0.0000,0,0.0000,54.0103,0.0000,100.0000
75.945198,6,18,0,0,0,0,0,0,0,0,0.0000,0.0000,0.0000,0,0.0000,54.0103,0.0000,100.0000
76.049538,6,18,0,0,0,0,0,0,0,0,0.0000,0.0000,0.0000,0,0.0000,54.0024,0.0000,100.0000
76.154160,6,18,0,0,0,0,0,0,0,0,0.0000,0.0000,0.0000,0,0.0000,54.0055,0.0000,100.0000
76.260666,6,18,0,0,0,0,0,0,0,0,0.0000,0.0000,0.0000,0,0.0000,54.0069,0.0000,100.0000
76.366859,6,18,0,0,0,0,0,0,0,0,0.0000,0.0000,0.0000,0,0.0000,54.0042,0.0000,100.0000
76.471550,6,18,0,0,0,0,0,0,0,0,0.0000,0.0000,0.0000,0,0.0000,54.0041,0.0000,100.0000
76.576004,6,18,0,0,0,0,0,0,0,0,0.0000,0.0000,0.0000,0,0.0000,54.0037,0.0000,100.0000
76.685883,6,18,0,0,0,0,0,0,0,0,0.0000,0.0000,0.0000,0,0.0000,54.0069,0.0000,100.0000
76.796486,6,18,0,0,0,0,0,0,0,0,0.0000,0.0000,0.0000,0,0.0000,54.0015,0.0000,100.0000
76.904182,6,18,0,0,0,0,0,0,0,0,0.0000,0.0000,0.0000,0,0.0000,54.0026,0.0000,100.0000
77.013351,6,18,0,0,0,0,0,0,0,0,0.0000,0.0000,0.0000,0,0.0000,54.0041,0.0000,100.0000
77.122192,7,18,0,0,0,0,0,0,0,0,0.0000,0.0000,0.0000,0,0.0000,78.0000,0.0000,100.0000
77.230072,7,18,0,0,0,0,0,0,0,0,0.0000,0.0000,0.0000,0,0.0000,77.9663,0.0000,100.0000
77.338036,7,18,0,0,0,0,0,0,0,0,0.0000,0.0000,0.0000,0,0.0000,77.3077,0.0000,100.0000
77.438660,7,18,0,0,0,0,0,0,0,0,0.0000,0.0000,0.0000,0,0.0000,75.9781,0.0000,100.0000
77.543510,7,18,0,0,0,0,0,0,0,0,0.0000,0.0000,0.0000,0,0.0000,75.1407,0.0000,100.0000
77.647308,7,18,0,0,0,0,0,0,0,0,0.0000,0.0000,0.0000,0,0.0000,73.0193,0.0000,100.0000
77.751274,7,18,0,0,0,0,0,0,0,0,0.0000,0.0000,0.0000,0,0.0000,71.6139,0.0000,100.0000
77.854401,7,18,0,0,0,0,0,0,0,0,0.0000,0.0000,0.0000,0,0.0000,69.0366,0.0000,100.0000
77.958267,7,18,0,0,0,0,0,0,0,0,0.0000,0.0000,0.0000,0,0.0000,64.9111,0.0000,100.0000
78.063271,7,18,0,0,0,0,0,0,0,0,0.0000,0.0000,0.0000,0,0.0000,61.9657,0.0000,100.0000
78.167419,7,18,0,0,0,0,0,0,0,0,0.0000,0.0000,0.0000,0,0.0000,60.3338,0.0000,100.0000
78.273254,7,18,0,0,0,0,0,0,0,0,0.0000,0.0000,0.0000,0,0.0000,62.8705,0.0000,100.0000
78.380157,7,18,0,0,0,0,0,0,0,0,0.0000,0.0000,0.0000,0,0.0000,63.0940,0.0000,100.0000
78.485794,7,18,0,0,0,0,0,0,0,0,0.0000,0.0000,0.0000,0,0.0000,62.1798,0.0000,100.0000
78.594757,7,18,0,0,0,0,0,0,0,0,0.0000,0.0000,0.0000,0,0.0000,61.3585,0.0000,100.0000
78.702782,7,18,0,0,0,0,0,0,0,0,0.0000,0.0000,0.0000,0,0.0000,61.1169,0.0000,100.0000
78.813820,7,18,0,0,0,0,0,0,0,0,0.0000,0.0000,0.0000,0,0.0000,60.8430,0.0000,100.0000
78.922531,7,18,0,0,0,0,0,0,0,0,0.0000,0.0000,0.0000,0,0.0000,60.9207,0.0000,100.0000
79.031013,7,18,0,0,0,0,0,0,0,0,0.0000,0.0000,0.0000,0,0.0000,58.6261,0.0000,100.0000
79.138947,7,18,0,0,0,0,0,0,0,0,0.0000,0.0000,0.0000,0,0.0000,60.1921,0.0000,100.0000
79.246429,7,18,0,0,0,0,0,0,0,0,0.0000,0.0000,0.0000,0,0.0000,65.4502,0.0000,100.0000
79.353775,7,18,0,0,0,0,0,0,0,0,0.0000,0.0000,0.0000,0,0.0000,68.3037,0.0000,100.0000
79.463188,7,18,0,0,0,0,0,0,0,0,0.0000,0.0000,0.0000,0,0.0000,67.0108,0.0000,100.0000
79.569603,7,18,0,0,0,0,0,0,0,0,0.0000,0.0000,0.0000,0,0.0000,60.7034,0.0000,100.0000
79.677292,7,18,0,0,0,0,0,0,0,0,0.0000,0.0000,0.0000,0,0.0000,64.8083,0.0000,100.0000
79.784996,7,18,0,0,0,0,0,0,0,0,0.0000,0.0000,0.0000,0,0.0000,68.7714,0.0000,100.0000
79.893333,7,18,0,0,0,0,0,0,0,0,0.0000,0.0000,0.0000,0,0.0000,67.6193,0.0000,100.0000
80.000420,7,18,0,0,0,0,0,0,0,0,0.0000,0.0000,0.0000,0,0.0000,67.0814,0.0000,100.0000
80.107651,7,18,0,0,0,0,0,0,0,0,0.0000,0.0000,0.0000,0,0.0000,67.2701,0.0000,100.0000
80.216309,7,18,0,0,0,0,0,0,0,0,0.0000,0.0000,0.0000,0,0.0000,69.0236,0.0000,100.0000
80.327011,7,18,0,0,0,0,0,0,0,0,0.0000,0.0000,0.0000,0,0.0000,66.4209,0.0000,81.0000
80.437965,7,18,0,0,0,0,0,0,0,0,0.0000,0.0000,0.0000,0,0.0000,66.6600,0.0000,100.0000
80.549133,7,18,0,0,0,0,0,0,0,0,0.0000,0.0000,0.0000,0,0.0000,61.1799,0.0000,100.0000
80.656723,7,18,0,0,0,0,0,0,0,0,0.0000,0.0000,0.0000,0,0.0000,54.1540,0.0000,100.0000
80.765419,7,18,0,0,0,0,0,0,0,0,0.0000,0.0000,0.0000,0,0.0000,54.0665,0.0000,100.0000
80.873085,7,18,0,0,0,0,0,0,0,0,0.0000,0.0000,0.0000,0,0.0000,54.9045,0.0000,100.0000
80.982864,7,18,0,0,0,0,0,0,0,0,0.0000,0.0000,0.0000,0,0.0000,57.4951,0.0000,100.0000
81.091667,7,18,0,0,0,0,0,0,0,0,0.0000,0.0000,0.0000,0,0.0000,54.0234,0.0000,100.0000
81.198303,7,18,0,0,0,0,0,0,0,0,0.0000,0.0000,0.0000,0,0.0000,54.0655,0.0000,100.0000
81.306038,7,18,0,0,0,0,0,0,0,0,0.0000,0.0000,0.0000,0,0.0000,54.0085,0.0000,100.0000
81.413353,7,18,0,0,0,0,0,0,0,0,0.0000,0.0000,0.0000,0,0.0000,54.0085,0.0000,100.0000
81.519554,7,18,0,0,0,0,0,0,0,0,0.0000,0.0000,0.0000,0,0.0000,54.0085,0.0000,100.0000
81.627182,7,18,0,0,0,0,0,0,0,0,0.0000,0.0000,0.0000,0,0.0000,54.0085,0.0000,100.0000
81.736588,7,18,0,0,0,0,0,0,0,0,0.0000,0.0000,0.0000,0,0.0000,54.0085,0.0000,100.0000
81.844269,7,18,0,0,0,0,0,0,0,0,0.0000,0.0000,0.0000,0,0.0000,54.0085,0.0000,100.0000
81.955360,7,18,0,0,0,0,0,0,0,0,0.0000,0.0000,0.0000,0,0.0000,54.0197,0.0000,100.0000
82.063087,7,18,0,0,0,0,0,0,0,0,0.0000,0.0000,0.0000,0,0.0000,54.0197,0.0000,100.0000
82.170509,7,18,0,0,0,0,0,0,0,0,0.0000,0.0000,0.0000,0,0.0000,54.0197,0.0000,100.0000
82.280907,7,18,0,0,0,0,0,0,0,0,0.0000,0.0000,0.0000,0,0.0000,54.0197,0.0000,100.0000
82.390121,7,18,0,0,0,0,0,0,0,0,0.0000,0.0000,0.0000,0,0.0000,54.0016,0.0000,100.0000
82.499062,7,18,0,0,0,0,0,0,0,0,0.0000,0.0000,0.0000,0,0.0000,54.0016,0.0000,100.0000
82.605293,7,18,0,0,0,0,0,0,0,0,0.0000,0.0000,0.0000,0,0.0000,54.0016,0.0000,100.0000
82.714890,7,18,0,0,0,0,0,0,0,0,0.0000,0.0000,0.0000,0,0.0000,54.0016,0.0000,100.0000
82.825325,7,18,0,0,0,0,0,0,0,0,0.0000,0.0000,0.0000,0,0.0000,54.0016,0.0000,100.0000
82.933151,7,18,0,0,0,0,0,0,0,0,0.0000,0.0000,0.0000,0,0.0000,54.0016,0.0000,100.0000
83.040688,7,18,0,0,0,0,0,0,0,0,0.0000,0.0000,0.0000,0,0.0000,54.0016,0.0000,100.0000
83.146980,7,18,0,0,0,0,0,0,0,0,0.0000,0.0000,0.0000,0,0.0000,54.0016,0.0000,100.0000
83.256165,7,18,0,0,0,0,0,0,0,0,0.0000,0.0000,0.0000,0,0.0000,54.0197,0.0000,100.0000
83.363022,7,18,0,0,0,0,0,0,0,0,0.0000,0.0000,0.0000,0,0.0000,54.0197,0.0000,100.0000
83.473480,7,18,0,0,0,0,0,0,0,0,0.0000,0.0000,0.0000,0,0.0000,54.0051,0.0000,100.0000
83.581551,7,18,0,0,0,0,0,0,0,0,0.0000,0.0000,0.0000,0,0.0000,54.0083,0.0000,100.0000
83.688026,7,18,0,0,0,0,0,0,0,0,0.0000,0.0000,0.0000,0,0.0000,54.0063,0.0000,100.0000
83.795219,7,18,0,0,0,0,0,0,0,0,0.0000,0.0000,0.0000,0,0.0000,54.0063,0.0000,100.0000
83.903717,7,18,0,0,0,0,0,0,0,0,0.0000,0.0000,0.0000,0,0.0000,54.0063,0.0000,100.0000
84.011452,7,18,0,0,0,0,0,0,0,0,0.0000,0.0000,0.0000,0,0.0000,54.0019,0.0000,100.0000
84.118210,7,18,0,0,0,0,0,0,0,0,0.0000,0.0000,0.0000,0,0.0000,54.0019,0.0000,100.0000
84.226372,7,18,0,0,0,0,0,0,0,0,0.0000,0.0000,0.0000,0,0.0000,54.0019,0.0000,100.0000
84.334946,7,18,0,0,0,0,0,0,0,0,0.0000,0.0000,0.0000,0,0.0000,54.0019,0.0000,100.0000
84.442261,7,18,0,0,0,0,0,0,0,0,0.0000,0.0000,0.0000,0,0.0000,54.0019,0.0000,100.0000
84.553711,7,18,0,0,0,0,0,0,0,0,0.0000,0.0000,0.0000,0,0.0000,54.0019,0.0000,100.0000
84.662277,7,18,0,0,0,0,0,0,0,0,0.0000,0.0000,0.0000,0,0.0000,54.0020,0.0000,100.0000
84.772041,7,18,0,0,0,0,0,0,0,0,0.0000,0.0000,0.0000,0,0.0000,54.0020,0.0000,100.0000
84.877319,7,18,0,0,0,0,0,0,0,0,0.0000,0.0000,0.0000,0,0.0000,54.0020,0.0000,100.0000
84.984535,7,18,0,0,0,0,0,0,0,0,0.0000,0.0000,0.0000,0,0.0000,54.0020,0.0000,100.0000
85.092018,7,18,0,0,0,0,0,0,0,0,0.0000,0.0000,0.0000,0,0.0000,54.0020,0.0000,100.0000
85.197571,7,18,0,0,0,0,0,0,0,0,0.0000,0.0000,0.0000,0,0.0000,54.0020,0.0000,100.0000
85.305664,7,18,0,0,0,0,0,0,0,0,0.0000,0.0000,0.0000,0,0.0000,54.0005,0.0000,100.0000
85.414154,7,18,0,0,0,0,0,0,0,0,0.0000,0.0000,0.0000,0,0.0000,54.0005,0.0000,100.0000
85.523071,7,18,0,0,0,0,0,0,0,0,0.0000,0.0000,0.0000,0,0.0000,54.0063,0.0000,100.0000
85.633583,7,18,0,0,0,0,0,0,0,0,0.0000,0.0000,0.0000,0,0.0000,54.0063,0.0000,100.0000
85.742683,7,18,0,0,0,0,0,0,0,0,0.0000,0.0000,0.0000,0,0.0000,54.0063,0.0000,100.0000
85.851326,7,18,0,0,0,0,0,0,0,0,0.0000,0.0000,0.0000,0,0.0000,54.0063,0.0000,100.0000
85.958725,7,18,0,0,0,0,0,0,0,0,0.0000,0.0000,0.0000,0,0.0000,54.0063,0.0000,100.0000
86.067055,7,18,0,0,0,0,0,0,0,0,0.0000,0.0000,0.0000,0,0.0000,54.0063,0.0000,100.0000
86.175224,7,18,0,0,0,0,0,0,0,0,0.0000,0.0000,0.0000,0,0.0000,54.0063,0.0000,100.0000
86.282303,7,18,0,0,0,0,0,0,0,0,0.0000,0.0000,0.0000,0,0.0000,54.0063,0.0000,100.0000
86.390236,7,18,0,0,0,0,0,0,0,0,0.0000,0.0000,0.0000,0,0.0000,54.0054,0.0000,100.0000
86.498764,7,18,0,0,0,0,0,0,0,0,0.0000,0.0000,0.0000,0,0.0000,54.0057,0.0000,100.0000
86.607094,7,18,0,0,0,0,0,0,0,0,0.0000,0.0000,0.0000,0,0.0000,54.0063,0.0000,100.0000
86.714211,7,18,0,0,0,0,0,0,0,0,0.0000,0.0000,0.0000,0,0.0000,54.0063,0.0000,81.0000
86.823227,7,18,0,0,0,0,0,0,0,0,0.0000,0.0000,0.0000,0,0.0000,54.0063,0.0000,100.0000
86.930260,7,18,0,0,0,0,0,0,0,0,0.0000,0.0000,0.0000,0,0.0000,54.0063,0.0000,100.0000
87.040764,7,18,0,0,0,0,0,0,0,0,0.0000,0.0000,0.0000,0,0.0000,54.0063,0.0000,100.0000
87.148918,7,18,0,0,0,0,0,0,0,0,0.0000,0.0000,0.0000,0,0.0000,54.0063,0.0000,100.0000
87.256844,7,18,0,0,0,0,0,0,0,0,0.0000,0.0000,0.0000,0,0.0000,54.0063,0.0000,100.0000
87.363754,7,18,0,0,0,0,0,0,0,0,0.0000,0.0000,0.0000,0,0.0000,54.0063,0.0000,100.0000
87.469803,7,18,0,0,0,0,0,0,0,0,0.0000,0.0000,0.0000,0,0.0000,54.0002,0.0000,100.0000
87.577415,7,18,0,0,0,0,0,0,0,0,0.0000,0.0000,0.0000,0,0.0000,54.0002,0.0000,100.0000
87.685043,7,18,0,0,0,0,0,0,0,0,0.0000,0.0000,0.0000,0,0.0000,54.0002,0.0000,100.0000
87.794006,7,18,0,0,0,0,0,0,0,0,0.0000,0.0000,0.0000,0,0.0000,54.0063,0.0000,100.0000
87.901756,7,18,0,0,0,0,0,0,0,0,0.0000,0.0000,0.0000,0,0.0000,54.0045,0.0000,100.0000
88.011703,7,18,0,0,0,0,0,0,0,0,0.0000,0.0000,0.0000,0,0.0000,54.0030,0.0000,100.0000
88.149918,8,18,0,0,0,0,0,0,0,0,0.0000,0.0000,0.0000,0,0.0000,90.0000,0.0000,100.0000
88.254433,8,18,0,0,0,0,0,0,0,0,0.0000,0.0000,0.0000,0,0.0000,89.4967,0.0000,100.0000
88.364723,8,18,0,0,0,0,0,0,0,0,0.0000,0.0000,0.0000,0,0.0000,83.8714,0.0000,100.0000
88.472885,8,18,0,0,0,0,0,0,0,0,0.0000,0.0000,0.0000,0,0.0000,80.7912,0.0000,100.0000
88.585495,8,18,0,0,0,0,0,0,0,0,0.0000,0.0000,0.0000,0,0.0000,81.9196,0.0000,100.0000
88.697998,8,18,0,0,0,0,0,0,0,0,0.0000,0.0000,0.0000,0,0.0000,80.1309,0.0000,100.0000
88.809319,8,18,0,0,0,0,0,0,0,0,0.0000,0.0000,0.0000,0,0.0000,70.9720,0.0000,100.0000
88.919296,8,18,0,0,0,0,0,0,0,0,0.0000,0.0000,0.0000,0,0.0000,62.6247,0.0000,100.0000
89.030525,8,18,0,0,0,0,0,0,0,0,0.0000,0.0000,0.0000,0,0.0000,58.7174,0.0000,100.0000
89.138954,8,18,0,0,0,0,0,0,0,0,0.0000,0.0000,0.0000,0,0.0000,59.8324,0.0000,100.0000
89.249367,8,18,0,0,0,0,0,0,0,0,0.0000,0.0000,0.0000,0,0.0000,63.3693,0.0000,100.0000
89.359200,8,18,0,0,0,0,0,0,0,0,0.0000,0.0000,0.0000,0,0.0000,54.2071,0.0000,100.0000
89.470238,8,18,0,0,0,0,0,0,0,0,0.0000,0.0000,0.0000,0,0.0000,54.1250,0.0000,100.0000
89.580154,8,18,0,0,0,0,0,0,0,0,0.0000,0.0000,0.0000,0,0.0000,54.1584,0.0000,100.0000
89.689102,8,18,0,0,0,0,0,0,0,0,0.0000,0.0000,0.0000,0,0.0000,54.1584,0.0000,100.0000
89.798653,8,18,0,0,0,0,0,0,0,0,0.0000,0.0000,0.0000,0,0.0000,54.1033,0.0000,100.0000
89.910332,8,18,0,0,0,0,0,0,0,0,0.0000,0.0000,0.0000,0,0.0000,54.1584,0.0000,100.0000
90.020378,8,18,0,0,0,0,0,0,0,0,0.0000,0.0000,0.0000,0,0.0000,54.1584,0.0000,100.0000
90.129700,8,18,0,0,0,0,0,0,0,0,0.0000,0.0000,0.0000,0,0.0000,54.1584,0.0000,100.0000
90.240479,8,18,0,0,0,0,0,0,0,0,0.0000,0.0000,0.0000,0,0.0000,54.1584,0.0000,100.0000
90.350021,8,18,0,0,0,0,0,0,0,0,0.0000,0.0000,0.0000,0,0.0000,54.0509,0.0000,100.0000
90.459785,8,18,0,0,0,0,0,0,0,0,0.0000,0.0000,0.0000,0,0.0000,54.0810,0.0000,100.0000
90.569130,8,18,0,0,0,0,0,0,0,0,0.0000,0.0000,0.0000,0,0.0000,54.0264,0.0000,81.0000
90.682808,8,18,0,0,0,0,0,0,0,0,0.0000,0.0000,0.0000,0,0.0000,54.0251,0.0000,100.0000
90.793831,8,18,0,0,0,0,0,0,0,0,0.0000,0.0000,0.0000,0,0.0000,54.3671,0.0000,100.0000
90.906441,8,18,0,0,0,0,0,0,0,0,0.0000,0.0000,0.0000,0,0.0000,54.0325,0.0000,100.0000
91.019203,8,18,0,0,0,0,0,0,0,0,0.0000,0.0000,0.0000,0,0.0000,54.0320,0.0000,100.0000
91.130653,8,18,0,0,0,0,0,0,0,0,0.0000,0.0000,0.0000,0,0.0000,54.0375,0.0000,100.0000
91.238930,8,18,0,0,0,0,0,0,0,0,0.0000,0.0000,0.0000,0,0.0000,54.0593,0.0000,81.0000
91.352554,8,18,0,0,0,0,0,0,0,0,0.0000,0.0000,0.0000,0,0.0000,54.0791,0.0000,100.0000
91.462784,8,18,0,0,0,0,0,0,0,0,0.0000,0.0000,0.0000,0,0.0000,54.0308,0.0000,100.0000
91.573845,8,18,0,0,0,0,0,0,0,0,0.0000,0.0000,0.0000,0,0.0000,54.0306,0.0000,100.0000
91.683617,8,18,0,0,0,0,0,0,0,0,0.0000,0.0000,0.0000,0,0.0000,54.0286,0.0000,100.0000
91.795067,8,18,0,0,0,0,0,0,0,0,0.0000,0.0000,0.0000,0,0.0000,54.0297,0.0000,100.0000
91.904480,8,18,0,0,0,0,0,0,0,0,0.0000,0.0000,0.0000,0,0.0000,54.0296,0.0000,81.0000
92.015205,8,18,0,0,0,0,0,0,0,0,0.0000,0.0000,0.0000,0,0.0000,54.0295,0.0000,100.0000
92.126152,8,18,0,0,0,0,0,0,0,0,0.0000,0.0000,0.0000,0,0.0000,54.0178,0.0000,100.0000
92.237297,8,18,0,0,0,0,0,0,0,0,0.0000,0.0000,0.0000,0,0.0000,54.1849,0.0000,100.0000
92.346275,8,18,0,0,0,0,0,0,0,0,0.0000,0.0000,0.0000,0,0.0000,54.5700,0.0000,100.0000
92.458870,8,18,0,0,0,0,0,0,0,0,0.0000,0.0000,0.0000,0,0.0000,54.0384,0.0000,100.0000
92.569115,8,18,0,0,0,0,0,0,0,0,0.0000,0.0000,0.0000,0,0.0000,54.0372,0.0000,81.0000
92.678352,8,18,0,0,0,0,0,0,0,0,0.0000,0.0000,0.0000,0,0.0000,54.0155,0.0000,100.0000
92.787483,8,18,0,0,0,0,0,0,0,0,0.0000,0.0000,0.0000,0,0.0000,54.0027,0.0000,100.0000
92.898651,8,18,0,0,0,0,0,0,0,0,0.0000,0.0000,0.0000,0,0.0000,54.0031,0.0000,100.0000
93.010796,8,18,0,0,0,0,0,0,0,0,0.0000,0.0000,0.0000,0,0.0000,54.0031,0.0000,100.0000
93.124397,8,18,0,0,0,0,0,0,0,0,0.0000,0.0000,0.0000,0,0.0000,54.0031,0.0000,100.0000
93.237671,8,18,0,0,0,0,0,0,0,0,0.0000,0.0000,0.0000,0,0.0000,54.0034,0.0000,100.0000
93.350037,8,18,0,0,0,0,0,0,0,0,0.0000,0.0000,0.0000,0,0.0000,54.0036,0.0000,100.0000
93.465683,8,18,0,0,0,0,0,0,0,0,0.0000,0.0000,0.0000,0,0.0000,54.0036,0.0000,100.0000
93.581848,8,18,0,0,0,0,0,0,0,0,0.0000,0.0000,0.0000,0,0.0000,54.0036,0.0000,100.0000
93.701302,8,18,0,0,0,0,0,0,0,0,0.0000,0.0000,0.0000,0,0.0000,54.0036,0.0000,100.0000
93.813881,8,18,0,0,0,0,0,0,0,0,0.0000,0.0000,0.0000,0,0.0000,54.0036,0.0000,100.0000
93.927643,8,18,0,0,0,0,0,0,0,0,0.0000,0.0000,0.0000,0,0.0000,54.0036,0.0000,100.0000
94.040749,8,18,0,0,0,0,0,0,0,0,0.0000,0.0000,0.0000,0,0.0000,54.0036,0.0000,100.0000
94.153870,8,18,0,0,0,0,0,0,0,0,0.0000,0.0000,0.0000,0,0.0000,54.0036,0.0000,100.0000
94.264534,8,18,0,0,0,0,0,0,0,0,0.0000,0.0000,0.0000,0,0.0000,54.0036,0.0000,100.0000
94.373055,8,18,0,0,0,0,0,0,0,0,0.0000,0.0000,0.0000,0,0.0000,54.0027,0.0000,100.0000
94.481834,8,18,0,0,0,0,0,0,0,0,0.0000,0.0000,0.0000,0,0.0000,54.0036,0.0000,100.0000
94.592789,8,18,0,0,0,0,0,0,0,0,0.0000,0.0000,0.0000,0,0.0000,54.0036,0.0000,100.0000
94.702095,8,18,0,0,0,0,0,0,0,0,0.0000,0.0000,0.0000,0,0.0000,54.0036,0.0000,100.0000
94.813454,8,18,0,0,0,0,0,0,0,0,0.0000,0.0000,0.0000,0,0.0000,54.0036,0.0000,100.0000
94.922600,8,18,0,0,0,0,0,0,0,0,0.0000,0.0000,0.0000,0,0.0000,54.0036,0.0000,100.0000
95.030930,8,18,0,0,0,0,0,0,0,0,0.0000,0.0000,0.0000,0,0.0000,54.0036,0.0000,100.0000
95.139870,8,18,0,0,0,0,0,0,0,0,0.0000,0.0000,0.0000,0,0.0000,54.0036,0.0000,100.0000
95.248856,8,18,0,0,0,0,0,0,0,0,0.0000,0.0000,0.0000,0,0.0000,54.0036,0.0000,100.0000
95.357460,8,18,0,0,0,0,0,0,0,0,0.0000,0.0000,0.0000,0,0.0000,54.0036,0.0000,100.0000
95.466980,8,18,0,0,0,0,0,0,0,0,0.0000,0.0000,0.0000,0,0.0000,54.0030,0.0000,100.0000
95.575790,8,18,0,0,0,0,0,0,0,0,0.0000,0.0000,0.0000,0,0.0000,54.0031,0.0000,100.0000
95.684456,8,18,0,0,0,0,0,0,0,0,0.0000,0.0000,0.0000,0,0.0000,54.0031,0.0000,100.0000
95.793755,8,18,0,0,0,0,0,0,0,0,0.0000,0.0000,0.0000,0,0.0000,54.0036,0.0000,100.0000
95.901436,8,18,0,0,0,0,0,0,0,0,0.0000,0.0000,0.0000,0,0.0000,54.0036,0.0000,81.0000
96.010933,8,18,0,0,0,0,0,0,0,0,0.0000,0.0000,0.0000,0,0.0000,54.0026,0.0000,100.0000
96.119293,8,18,0,0,0,0,0,0,0,0,0.0000,0.0000,0.0000,0,0.0000,54.0026,0.0000,100.0000
96.227966,8,18,0,0,0,0,0,0,0,0,0.0000,0.0000,0.0000,0,0.0000,54.0026,0.0000,100.0000
96.336830,8,18,0,0,0,0,0,0,0,0,0.0000,0.0000,0.0000,0,0.0000,54.0036,0.0000,100.0000
96.444534,8,18,0,0,0,0,0,0,0,0,0.0000,0.0000,0.0000,0,0.0000,54.0036,0.0000,100.0000
96.551620,8,18,0,0,0,0,0,0,0,0,0.0000,0.0000,0.0000,0,0.0000,54.0036,0.0000,81.0000
96.660522,8,18,0,0,0,0,0,0,0,0,0.0000,0.0000,0.0000,0,0.0000,54.0009,0.0000,100.0000
96.768394,8,18,0,0,0,0,0,0,0,0,0.0000,0.0000,0.0000,0,0.0000,54.0036,0.0000,100.0000
96.876190,8,18,0,0,0,0,0,0,0,0,0.0000,0.0000,0.0000,0,0.0000,54.0036,0.0000,100.0000
96.983200,8,18,0,0,0,0,0,0,0,0,0.0000,0.0000,0.0000,0,0.0000,54.0036,0.0000,100.0000
97.091042,8,18,0,0,0,0,0,0,0,0,0.0000,0.0000,0.0000,0,0.0000,54.0046,0.0000,100.0000
97.197922,8,18,0,0,0,0,0,0,0,0,0.0000,0.0000,0.0000,0,0.0000,54.0046,0.0000,100.0000
97.303314,8,18,0,0,0,0,0,0,0,0,0.0000,0.0000,0.0000,0,0.0000,54.0012,0.0000,100.0000
97.410393,8,18,0,0,0,0,0,0,0,0,0.0000,0.0000,0.0000,0,0.0000,54.0046,0.0000,100.0000
97.516747,8,18,0,0,0,0,0,0,0,0,0.0000,0.0000,0.0000,0,0.0000,54.0047,0.0000,100.0000
97.624023,8,18,0,0,0,0,0,0,0,0,0.0000,0.0000,0.0000,0,0.0000,54.0049,0.0000,100.0000
97.732521,8,18,0,0,0,0,0,0,0,0,0.0000,0.0000,0.0000,0,0.0000,54.0027,0.0000,100.0000
97.840469,8,18,0,0,0,0,0,0,0,0,0.0000,0.0000,0.0000,0,0.0000,54.0050,0.0000,100.0000
97.948334,8,18,0,0,0,0,0,0,0,0,0.0000,0.0000,0.0000,0,0.0000,54.0050,0.0000,100.0000
98.056900,8,18,0,0,0,0,0,0,0,0,0.0000,0.0000,0.0000,0,0.0000,54.0051,0.0000,100.0000
98.163788,8,18,0,0,0,0,0,0,0,0,0.0000,0.0000,0.0000,0,0.0000,54.0004,0.0000,100.0000
98.273552,8,18,0,0,0,0,0,0,0,0,0.0000,0.0000,0.0000,0,0.0000,54.0029,0.0000,100.0000
98.381432,8,18,0,0,0,0,0,0,0,0,0.0000,0.0000,0.0000,0,0.0000,54.0029,0.0000,100.0000
98.487381,8,18,0,0,0,0,0,0,0,0,0.0000,0.0000,0.0000,0,0.0000,54.0029,0.0000,100.0000
98.594177,8,18,0,0,0,0,0,0,0,0,0.0000,0.0000,0.0000,0,0.0000,54.0029,0.0000,100.0000
98.702667,8,18,0,0,0,0,0,0,0,0,0.0000,0.0000,0.0000,0,0.0000,54.0027,0.0000,100.0000
98.810997,8,18,0,0,0,0,0,0,0,0,0.0000,0.0000,0.0000,0,0.0000,54.0110,0.0000,100.0000
98.919601,8,18,0,0,0,0,0,0,0,0,0.0000,0.0000,0.0000,0,0.0000,54.0017,0.0000,100.0000
99.027588,8,18,0,0,0,0,0,0,0,0,0.0000,0.0000,0.0000,0,0.0000,54.0050,0.0000,100.0000
99.120750,9,6,0,0,0,0,0,0,0,0,0.0000,0.0000,0.0000,0,0.0000,90.0000,0.0000,100.0000
99.223648,9,6,0,0,0,0,0,0,0,0,0.0000,0.0000,0.0000,0,0.0000,89.9802,0.0000,100.0000
99.325569,9,6,0,0,0,0,0,0,0,0,0.0000,0.0000,0.0000,0,0.0000,88.2061,0.0000,100.0000
99.433228,9,6,0,0,0,0,0,0,0,0,0.0000,0.0000,0.0000,0,0.0000,87.7032,0.0000,100.0000
99.549149,9,6,0,0,0,0,0,0,0,0,0.0000,0.0000,0.0000,0,0.0000,86.5792,0.0000,100.0000
99.649963,9,6,0,0,0,0,0,0,0,0,0.0000,0.0000,0.0000,0,0.0000,84.7642,0.0000,100.0000
99.766647,9,6,0,0,0,0,0,0,0,0,0.0000,0.0000,0.0000,0,0.0000,81.4451,0.0000,100.0000
99.876442,9,6,0,0,0,0,0,0,0,0,0.0000,0.0000,0.0000,0,0.0000,59.7629,0.0000,100.0000
99.999550,9,5,1,0,16,16,1,0,1,0,40.0000,0.0000,0.0000,0,199.9059,63.7947,0.0000,100.0000
100.108963,9,4,2,0,32,32,2,1,2,0,80.0000,0.0000,0.0000,0,241.5350,80.5106,0.0000,100.0000
100.209503,9,4,2,0,32,32,2,2,2,0,80.0000,0.0000,0.0000,1,297.3055,75.6622,0.0000,100.0000
100.317955,9,3,3,0,48,48,3,5,3,0,120.0000,0.0000,0.0000,2,250.8077,98.6695,0.0000,100.0000
100.420525,9,2,4,0,64,64,4,6,4,0,160.0000,0.0000,0.0000,5,267.2439,131.7351,0.0000,100.0000
100.525139,9,2,4,0,64,64,4,8,5,1,159.3000,0.7000,4.0000,6,308.2130,148.1828,0.0000,100.0000
100.632133,9,1,5,0,80,80,5,8,8,3,197.9000,2.1000,5.0000,8,326.0175,-1.0000,0.0000,100.0000
100.735275,9,0,6,0,96,96,6,9,10,4,236.5000,3.5000,6.0000,8,346.0554,-1.0000,0.0000,100.0000
100.838669,9,0,6,0,96,96,6,9,12,6,234.4000,5.6000,7.0000,9,391.7325,-1.0000,0.0000,100.0000
100.942436,9,6,6,0,96,96,6,9,15,9,232.3000,7.7000,8.0000,9,347.0728,110.0000,0.0000,100.0000
101.058983,9,6,6,0,96,96,8,11,19,11,264.6001,9.8000,9.0000,9,277.6875,108.5666,0.0000,100.0000
101.162857,9,6,6,0,96,96,8,11,21,13,262.5001,11.9000,10.0000,11,313.0311,107.2060,0.0000,100.0000
101.272186,9,6,6,0,96,96,8,12,22,14,260.4001,14.0000,10.0200,11,325.9886,104.8876,0.0000,100.0000
101.379982,9,6,6,0,96,96,8,10,24,16,256.9000,17.5000,11.0000,12,218.0400,105.5269,0.0000,100.0000
101.488663,9,6,6,0,96,96,8,12,26,18,254.7999,19.6000,12.0000,10,180.8861,102.4661,0.0000,100.0000
101.596962,9,6,6,0,96,96,8,11,27,19,251.9999,22.4000,13.0000,12,149.3748,99.9435,0.0000,100.0000
101.704597,9,6,6,0,96,96,8,11,28,20,249.4499,24.9500,14.0000,11,107.3204,103.1104,0.0000,100.0000
101.814697,9,6,6,0,96,96,8,10,29,21,246.6499,27.7500,15.0000,11,87.2715,104.3627,0.0000,100.0000
101.920662,9,12,6,0,96,96,8,8,29,21,241.7500,32.6500,16.2250,12,66.1290,58.1034,0.0000,100.0000
102.036545,9,11,7,0,112,112,9,12,32,23,279.2001,35.2000,16.2250,8,207.4742,54.1519,0.0000,100.0000
102.150040,9,11,7,0,112,112,9,10,32,23,277.8001,36.6000,16.2250,12,249.7234,54.2890,0.0000,100.0000
102.264015,9,11,7,0,112,112,9,14,34,25,274.3001,40.1000,17.0000,10,311.2808,55.0000,0.0000,100.0000
102.379395,9,11,7,0,112,112,9,11,35,26,272.2001,42.2000,18.0000,12,339.0224,58.2191,0.0000,100.0000
102.491142,9,11,7,0,112,112,9,14,36,27,268.9501,45.4500,19.0000,11,212.5969,65.2082,0.0000,100.0000
102.603111,9,11,7,0,112,112,9,10,38,29,266.1501,48.2500,19.1986,12,221.5822,68.7089,0.0000,100.0000
102.716095,9,11,7,0,112,112,9,13,38,29,261.9500,52.4500,20.0599,10,107.1177,65.6830,0.0000,100.0000
102.829247,9,11,7,0,112,112,9,12,42,33,255.8999,58.5000,20.8745,10,84.2148,59.1309,0.0000,100.0000
102.945038,9,16,8,0,128,128,10,10,44,34,293.8000,60.6000,20.8745,12,194.0659,59.1486,0.0000,100.0000
103.060051,9,16,8,0,128,128,9,14,44,34,290.3000,64.1000,21.6493,10,221.7351,63.0988,0.0000,100.0000
103.178886,9,16,8,0,128,128,9,12,45,35,288.2000,66.2000,21.6493,12,281.8397,65.9685,0.0000,100.0000
103.296127,9,16,8,0,128,128,9,14,45,35,284.2501,70.1500,21.6493,12,329.3901,60.3370,0.0000,100.0000
103.414116,9,16,8,0,128,128,9,12,46,36,282.1500,72.2500,21.6493,12,381.5650,58.9120,0.0000,100.0000
103.516663,9,16,8,0,128,128,9,14,47,37,277.9501,76.4500,22.3897,12,201.2433,59.3254,0.0000,100.0000
103.623764,9,16,8,0,128,128,9,4,50,40,270.8000,83.6000,23.0997,12,151.8400,59.5718,0.0000,100.0000
103.744545,9,16,8,0,128,128,9,10,51,41,268.7000,85.7000,23.0997,4,85.9406,59.4103,0.0000,100.0000
103.861519,9,16,8,0,128,128,9,8,51,41,267.3000,87.0999,23.0997,10,143.7028,54.0439,0.0000,100.0000
103.982895,9,18,9,0,144,144,9,10,51,41,288.2000,91.9999,23.7830,8,190.4144,54.9957,0.0000,100.0000
104.088860,9,18,9,0,144,144,9,8,51,41,286.8000,93.3999,23.7830,10,241.7715,55.0644,0.0000,100.0000
104.192413,9,18,9,0,144,128,9,12,51,41,283.3000,96.8999,23.7830,8,306.4611,55.7635,0.0000,100.0000
104.307503,9,18,9,0,144,128,9,9,52,42,281.2000,98.9999,24.4422,12,330.4318,55.8171,0.0000,100.0000
104.411728,9,18,9,0,144,128,9,12,52,42,277.0001,103.1999,24.4422,9,308.7641,55.2090,0.0000,100.0000
104.514633,9,18,9,0,144,128,9,9,53,43,274.9000,105.2999,25.0798,12,317.4955,54.6098,0.0000,100.0000
104.619667,9,18,9,0,144,128,9,6,56,46,266.5000,113.6998,25.6978,11,106.8512,55.5191,0.0000,100.0000
104.721962,9,18,9,0,144,128,9,0,56,46,262.2999,117.8998,26.2979,6,88.8447,56.2814,0.0000,100.0000
104.830482,9,18,9,0,144,128,9,9,56,46,262.3000,117.8998,26.2979,0,167.9464,56.8747,0.0000,100.0000
104.937622,9,17,10,0,160,144,10,8,57,46,300.9000,119.2998,26.2979,9,198.6203,55.7481,0.0000,100.0000
105.044907,9,18,10,0,160,144,10,10,57,46,296.0000,124.1998,26.2979,8,236.3824,54.1659,0.0000,100.0000
105.151146,9,18,10,0,160,112,10,9,57,46,294.5999,125.5998,26.8815,10,293.2999,54.1256,0.0000,100.0000
105.261765,9,18,10,0,160,112,10,11,57,46,289.7000,130.4998,26.8815,9,298.9990,54.4930,0.0000,100.0000
105.365303,9,18,10,0,160,112,10,9,57,46,288.3000,131.8997,27.4499,11,353.5876,54.6396,0.0000,100.0000
105.472870,9,18,10,0,160,96,10,12,57,46,283.4000,136.7997,27.4499,9,307.3766,54.4580,0.0000,100.0000
105.577583,9,18,10,0,160,96,10,9,59,48,281.3000,138.8997,28.0043,12,206.7504,54.3995,0.0000,100.0000
105.681328,9,18,10,0,160,96,10,10,61,50,274.9999,145.1997,28.0043,9,77.1620,55.1936,0.0000,100.0000
105.789421,9,17,11,0,176,112,11,7,63,51,312.8999,147.2997,28.5457,10,191.8525,54.6837,0.0000,100.0000
105.896355,9,17,11,0,176,112,11,1,63,51,307.9998,152.1997,28.5457,7,209.2447,54.2665,0.0000,100.0000
106.003868,9,18,11,0,176,112,11,11,63,51,307.9999,152.1997,28.5457,1,254.4054,54.3665,0.0000,100.0000
106.114037,9,18,11,0,176,112,11,9,63,51,305.8999,154.2997,29.0749,11,395.7434,54.3796,0.0000,100.0000
106.221321,9,18,11,0,176,112,11,9,63,51,298.9000,161.2996,29.5927,12,342.9040,54.5481,0.0000,100.0000
106.329681,9,18,11,0,176,112,11,3,63,51,293.9999,166.1996,29.5927,9,411.5648,54.9233,0.0000,100.0000
106.437119,9,18,11,0,176,112,11,12,64,52,293.3000,166.8996,29.5927,3,301.5845,54.4924,0.0000,100.0000
106.546402,9,18,11,0,176,112,11,9,65,53,290.4999,169.6996,30.0998,12,134.2651,55.7525,0.0000,100.0000
106.655296,9,18,11,0,176,112,11,11,66,54,284.9000,175.2996,30.0998,9,172.4927,55.3451,0.0000,100.0000
106.765335,9,17,12,0,192,128,12,8,67,54,322.0999,178.0995,30.5969,11,165.8309,64.9156,0.0000,100.0000
106.879036,9,17,12,0,192,128,12,12,67,54,317.2000,182.9995,30.5969,8,190.9769,65.4610,0.0000,100.0000
106.994583,9,17,12,0,192,128,12,9,67,54,314.3999,185.7995,31.0845,12,242.8734,64.1187,0.0000,100.0000
107.107582,9,18,12,0,192,128,12,12,68,55,308.8000,191.3995,31.0845,9,472.4932,58.6634,0.0000,100.0000
107.216553,9,18,12,0,192,128,12,10,68,55,306.7000,193.4995,31.5631,12,269.2466,60.9560,0.0000,100.0000
107.326775,9,18,12,0,192,128,12,12,68,55,299.7000,200.4995,31.5631,12,299.1128,63.6489,0.0000,100.0000
107.436798,9,18,12,0,160,96,12,13,69,56,292.6999,207.4994,32.0333,12,244.5625,64.7198,0.0000,100.0000
107.547775,9,18,12,0,160,64,12,9,70,57,289.1999,210.9994,32.4955,12,162.2747,60.7786,0.0000,100.0000
107.655128,9,18,12,0,160,48,12,11,71,58,282.8999,217.2994,32.4955,9,136.5576,56.6172,0.0000,100.0000
107.759392,9,18,12,1,163,51,14,9,74,59,316.0999,220.0994,32.9500,11,121.7428,54.3016,0.0000,100.0000
107.863312,9,18,12,1,163,51,14,14,74,59,311.1999,224.9993,32.9500,9,203.6731,54.0695,0.0000,100.0000
107.973503,9,18,12,1,163,51,13,11,74,59,293.5999,228.4993,33.3972,12,282.3484,54.1873,0.0000,100.0000
108.078812,9,18,12,1,163,51,13,15,74,59,288.7000,233.3993,33.3972,11,351.9059,54.1745,0.0000,100.0000
108.183540,9,18,12,1,163,51,12,14,74,59,273.2000,235.4993,33.8375,12,368.0969,54.1671,0.0000,100.0000
108.291740,9,18,12,1,163,51,12,6,75,60,267.5999,241.0993,33.8375,12,84.8605,54.1112,0.0000,100.0000
108.398514,9,18,12,1,163,35,11,11,77,62,250.6998,243.8993,33.8375,6,48.3509,54.0874,0.0000,100.0000
108.506569,9,18,12,1,163,35,10,8,77,62,233.7998,247.3992,34.2711,11,34.5800,54.0843,0.0000,100.0000
108.613297,9,18,12,1,163,35,10,10,77,62,229.5998,251.5992,34.2711,8,21.0425,54.0779,0.0000,100.0000
108.720856,9,17,13,1,179,51,10,3,78,62,249.1999,258.5992,34.2711,9,68.0101,54.3016,0.0000,100.0000
108.826927,9,17,13,1,179,51,9,9,78,62,235.0999,258.5992,34.2711,3,142.7983,54.0957,0.0000,100.0000
108.933105,9,17,13,1,179,51,9,8,78,62,232.2999,261.3993,34.2711,9,221.5790,54.0951,0.0000,100.0000
109.035103,9,17,13,1,179,51,9,10,79,63,229.4998,264.1993,34.2711,8,291.2721,54.0621,0.0000,100.0000
109.143425,9,18,13,1,179,51,9,9,79,63,226.6999,266.9994,34.2711,10,337.7314,54.0597,0.0000,100.0000
109.252312,9,18,13,1,179,51,9,10,80,64,223.1999,270.4995,34.2711,9,195.4700,54.0579,0.0000,100.0000
109.359398,9,18,13,1,179,48,9,9,80,64,220.3999,273.2995,34.2711,10,206.5252,54.0521,0.0000,81.0000
109.467735,9,18,13,1,179,48,9,11,80,64,217.5999,276.0995,34.2711,9,117.6970,54.0516,0.0000,100.0000
109.577133,9,18,13,1,179,48,9,8,80,64,213.3999,280.2996,34.2711,11,98.6018,54.0543,0.0000,100.0000
109.694138,9,17,14,1,195,64,10,11,81,64,250.5999,283.0997,34.2711,8,71.2216,54.0441,0.0000,100.0000
109.801094,9,17,14,1,195,64,10,8,81,64,246.3999,287.2997,34.2711,11,110.9636,54.0541,0.0000,100.0000
109.907883,9,17,14,1,195,64,10,12,81,64,244.2998,289.3998,34.2711,8,194.5649,54.0515,0.0000,100.0000
110.018776,9,17,14,1,195,64,9,12,82,65,223.8998,295.6999,34.2711,9,276.3114,54.0281,0.0000,100.0000
110.130203,9,18,14,1,195,64,9,9,83,66,219.6999,299.9000,34.2711,12,349.4980,54.0435,0.0000,100.0000
110.239784,9,18,14,1,195,64,9,12,84,67,217.5999,302.0000,34.2711,9,172.6117,54.0270,0.0000,100.0000
110.350327,9,18,14,1,195,64,9,9,84,67,213.3999,306.2001,34.2711,12,194.6645,54.0655,0.0000,81.0000
110.459831,9,18,14,1,195,64,9,12,84,67,211.2999,308.3001,34.2711,9,104.0765,54.0050,0.0000,100.0000
110.566109,9,17,14,1,195,80,10,7,84,67,245.6999,313.9002,34.2711,12,109.8303,54.0878,0.0000,100.0000
110.675842,9,17,14,1,195,96,10,10,84,67,242.8999,316.7003,34.2711,7,91.4335,54.0101,0.0000,100.0000
110.787643,9,17,14,1,195,96,10,8,84,67,239.3999,320.2003,34.2711,10,122.2320,54.2542,0.0000,100.0000
110.899750,9,17,14,1,195,96,10,11,85,68,236.5998,323.0004,34.2711,8,213.9906,54.1678,0.0000,100.0000
111.010323,9,17,14,1,195,96,9,9,85,68,219.6999,326.5004,34.2711,11,294.8247,54.6186,0.0000,100.0000
111.121597,9,18,14,1,195,80,9,8,85,68,212.6999,333.5005,34.6985,11,340.3736,54.8753,0.0000,100.0000
111.233353,9,18,14,1,195,80,9,11,87,70,210.5999,335.6006,34.6985,8,114.9307,55.0515,0.0000,100.0000
111.345360,9,18,14,1,195,48,8,7,87,70,205.6999,340.5007,34.6985,11,84.3262,54.5580,0.0000,100.0000
111.458084,9,18,14,1,195,48,8,10,87,70,204.1999,342.0007,34.6985,7,120.6729,54.2902,0.0000,100.0000
111.570297,9,17,14,1,195,64,9,7,87,70,239.9999,346.2008,34.6985,10,67.5857,55.1060,0.0000,100.0000
111.679459,9,17,14,1,195,64,9,11,87,70,238.5999,347.6008,34.6985,7,136.5802,54.9600,0.0000,100.0000
111.789856,9,17,14,1,195,64,9,8,87,70,234.3999,351.8009,34.6985,11,214.4245,54.1390,0.0000,100.0000
111.898788,9,17,14,1,195,64,9,12,88,71,232.9998,353.2009,34.6985,8,287.3284,54.1390,0.0000,100.0000
112.009987,9,17,14,1,195,64,8,9,88,71,207.3999,357.4010,34.6985,12,340.4977,54.0908,0.0000,100.0000
112.121124,9,17,14,1,195,64,8,9,89,72,201.7999,363.0011,34.6985,12,224.5601,54.0938,0.0000,100.0000
112.230515,9,18,14,1,195,64,8,12,89,72,200.3999,364.4011,34.6985,9,153.0886,54.0890,0.0000,100.0000
112.339401,9,18,14,1,195,64,8,9,89,72,196.1999,368.6012,34.6985,12,144.1965,54.0940,0.0000,100.0000
112.448280,9,18,14,2,198,67,10,12,90,73,229.3998,371.4012,34.6985,9,72.8802,54.0505,0.0000,100.0000
112.560921,9,18,14,2,198,67,10,9,90,73,225.1998,375.6013,34.6985,12,151.5399,54.0654,0.0000,100.0000
112.673279,9,18,14,2,198,67,10,14,90,73,223.7998,377.0013,34.6985,9,235.9531,54.0987,0.0000,100.0000
112.783974,9,18,14,2,198,67,10,12,90,73,220.2998,380.5014,34.6985,12,312.5979,54.0980,0.0000,100.0000
112.896339,9,18,14,2,198,67,10,16,90,74,218.1998,382.6014,34.6985,12,384.6820,54.0293,0.0000,100.0000
113.008553,9,18,14,2,198,67,9,14,90,74,201.2999,386.1015,34.6985,12,69.1793,54.0258,0.0000,100.0000
113.118248,9,18,14,2,198,67,9,10,90,74,192.1999,395.2016,34.6985,12,67.2864,54.1676,0.0000,100.0000
113.231049,9,18,14,2,198,67,9,13,90,74,190.0999,397.3017,34.6985,10,87.5658,54.0951,0.0000,100.0000
113.344223,9,18,14,2,198,67,9,10,90,74,185.8999,401.5017,34.6985,12,57.9509,54.0816,0.0000,100.0000
113.455727,9,17,14,2,211,112,10,14,90,74,223.7998,403.6018,34.6985,10,65.2313,54.1510,0.0000,100.0000
113.569611,9,17,14,2,211,96,10,12,90,74,220.2998,407.1018,34.6985,12,125.7496,54.0989,0.0000,100.0000
113.681992,9,17,14,2,211,96,10,15,90,74,217.4998,409.9019,34.6985,12,213.3822,54.2925,0.0000,100.0000
113.794342,9,17,14,2,211,96,10,13,90,74,213.9998,413.4019,34.6985,12,293.9373,54.2849,0.0000,100.0000
113.907150,9,17,14,2,211,96,9,15,90,74,197.7999,416.2020,34.6985,12,320.7848,54.0777,0.0000,100.0000
114.019379,9,17,14,2,211,96,9,16,90,74,192.1999,421.8021,34.6985,12,208.6516,54.2345,0.0000,100.0000
114.130966,9,17,14,2,211,96,9,14,90,74,188.6998,425.3022,34.6985,12,255.5195,54.2078,0.0000,100.0000
114.246101,9,18,14,2,211,96,9,17,90,74,186.5998,427.4022,34.6985,12,169.7749,54.2097,0.0000,100.0000
114.359192,9,18,14,3,214,99,11,11,90,72,216.2999,433.7023,34.6985,12,116.6786,55.1098,0.0000,100.0000
114.477005,9,18,14,3,214,99,11,15,90,72,213.4998,436.5023,34.6985,11,160.1648,54.0851,0.0000,100.0000
114.590027,9,18,14,3,214,99,11,13,90,72,209.9999,440.0024,34.6985,12,244.1669,54.1797,0.0000,100.0000
114.703857,9,18,14,3,214,99,11,16,90,72,206.4998,443.5025,34.6985,12,321.8253,54.2786,0.0000,100.0000
114.818710,9,18,14,3,214,99,9,17,90,72,187.4999,449.8026,34.6985,12,394.4096,54.9422,0.0000,81.0000
114.931442,9,18,14,3,214,99,9,15,90,73,184.6998,452.6026,34.6985,12,79.4380,54.6290,0.0000,100.0000
115.044205,9,18,14,3,214,99,9,14,90,74,179.0999,458.2027,34.6985,12,54.8409,54.1788,0.0000,100.0000
115.156189,9,18,14,3,214,99,9,10,90,74,174.8999,462.4028,34.6985,12,20.8023,55.3555,0.0000,100.0000
115.269493,9,18,14,3,214,99,9,12,90,74,171.8999,465.4028,34.6985,10,39.6252,55.2953,0.0000,100.0000
115.382286,9,17,14,3,211,112,10,10,90,73,208.3999,468.9029,34.6985,12,130.7957,55.2762,0.0000,100.0000
115.493202,9,17,14,3,211,112,10,13,90,73,205.5999,471.7029,34.6985,10,150.7339,55.4443,0.0000,100.0000
115.608002,9,17,14,3,211,112,10,12,90,73,202.7999,474.5030,34.6985,12,240.5353,54.6094,0.0000,100.0000
115.718666,9,17,14,3,211,112,10,13,90,73,196.4998,480.8031,34.6985,12,302.6741,55.4893,0.0000,100.0000
115.831879,9,17,14,3,211,112,9,15,90,73,192.9998,484.3032,34.6985,12,342.4426,54.1001,0.0000,100.0000
115.944168,9,17,14,3,211,112,9,14,90,73,190.7999,486.5032,34.6985,12,263.5825,54.1015,0.0000,100.0000
116.056763,9,17,14,3,211,96,9,14,90,73,186.5998,490.7033,34.6985,12,111.1595,54.1015,0.0000,100.0000
116.168800,9,17,14,3,211,96,9,9,90,73,180.9998,496.3034,34.6985,12,135.7133,54.0969,0.0000,100.0000
116.286301,9,18,14,4,214,99,11,13,90,71,214.1998,499.1034,34.6985,9,112.1751,54.0922,0.0000,100.0000
116.399124,9,18,14,4,214,99,11,11,90,71,210.6998,502.6035,34.6985,12,181.7769,54.0577,0.0000,100.0000
116.512177,9,18,14,4,214,99,11,15,90,71,207.8999,505.4035,34.6985,11,264.9223,54.0318,0.0000,100.0000
116.624390,9,18,14,4,214,99,11,17,90,71,201.5998,511.7036,35.1198,12,330.4182,54.0658,0.0000,100.0000
116.741020,9,18,14,4,198,83,10,13,90,71,185.3999,515.9037,35.5352,12,226.0980,54.1203,0.0000,100.0000
116.855591,9,18,14,4,198,86,10,16,90,71,181.8998,519.4037,35.5352,12,65.8017,54.0769,0.0000,100.0000
116.969933,9,18,14,4,198,86,10,11,90,71,176.9999,524.3038,35.5352,12,31.7147,54.0227,0.0000,100.0000
117.078720,9,18,14,4,198,86,10,14,90,71,173.4998,527.8039,35.5352,11,62.5983,54.1401,0.0000,100.0000
117.191727,9,18,14,5,201,89,12,9,90,69,204.5999,532.7040,35.5352,12,42.3793,54.7640,0.0000,100.0000
117.307312,9,18,14,5,201,89,12,16,90,69,202.4998,534.8040,35.5352,9,158.2052,54.0888,0.0000,100.0000
117.418449,9,18,14,5,201,89,12,18,90,69,195.4998,541.8041,35.5352,11,245.1432,54.0988,0.0000,100.0000
117.532646,9,18,14,5,201,89,12,14,90,69,191.2999,546.0042,35.5352,12,323.7922,54.0887,0.0000,100.0000
117.643478,9,18,14,5,198,86,11,19,90,69,176.4998,548.8043,35.5352,12,346.3447,54.1407,0.0000,100.0000
117.755585,9,18,14,5,198,86,11,14,90,70,171.5999,553.7043,35.5352,12,58.8405,54.0738,0.0000,100.0000
117.870796,9,18,14,5,198,86,10,18,90,70,168.0999,557.2044,35.5352,12,61.2104,54.0763,0.0000,100.0000
117.987007,9,18,14,5,198,86,10,13,90,70,163.7999,561.5045,35.9451,12,34.5293,54.2200,0.0000,100.0000
118.098320,9,18,14,5,182,70,10,17,90,70,160.9998,564.3045,35.9451,12,28.4795,54.1915,0.0000,100.0000
118.211052,9,18,14,6,185,73,12,12,90,68,192.0999,569.2046,36.3496,12,102.7036,54.3392,0.0000,100.0000
118.319946,9,18,14,6,185,73,12,13,90,68,184.3999,576.9047,36.7490,12,196.0552,54.1294,0.0000,100.0000
118.432755,9,18,14,6,185,73,12,20,90,68,182.2998,579.0048,36.7490,12,275.0824,54.1068,0.0000,100.0000
118.545502,9,18,14,6,185,73,12,15,90,68,177.3999,583.9048,37.1434,12,346.8778,54.1346,0.0000,100.0000
118.658310,9,18,14,6,185,73,11,21,90,68,163.2999,586.0049,37.1434,12,124.8313,54.0703,0.0000,100.0000
118.768982,9,18,14,6,185,73,11,15,90,68,157.6999,591.6050,37.5331,12,47.9699,54.0649,0.0000,100.0000
118.878685,9,18,14,6,185,73,11,20,90,68,154.8999,594.4050,37.5331,12,15.6303,54.0625,0.0000,100.0000
118.991112,9,18,14,6,185,73,11,15,90,68,149.9999,599.3051,37.5331,12,13.0654,54.0541,0.0000,100.0000
119.103416,9,17,14,6,182,86,12,20,90,67,187.1998,602.1052,37.5331,12,17.8964,54.0341,0.0000,100.0000
119.148811,10,0,0,0,0,0,0,0,0,0,0.0000,0.0000,0.0000,0,0.0000,-1.0000,0.0000,100.0000
119.255341,10,0,0,0,0,0,0,0,0,0,0.0000,0.0000,0.0000,0,0.0000,-1.0000,0.0000,100.0000
119.376289,10,0,0,0,0,0,0,0,0,0,0.0000,0.0000,0.0000,0,0.0000,-1.0000,0.0000,100.0000
119.495026,10,0,0,0,0,0,0,0,0,0,0.0000,0.0000,0.0000,0,0.0000,-1.0000,0.0000,100.0000
119.615158,10,0,0,0,0,0,0,0,0,0,0.0000,0.0000,0.0000,0,0.0000,-1.0000,0.0000,100.0000
119.729218,10,0,0,0,0,0,0,0,0,0,0.0000,0.0000,0.0000,0,0.0000,-1.0000,0.0000,100.0000
119.855240,10,0,0,0,0,0,0,0,0,0,0.0000,0.0000,0.0000,0,0.0000,-1.0000,0.0000,100.0000
119.968857,10,0,0,0,0,0,0,0,0,0,0.0000,0.0000,0.0000,0,0.0000,-1.0000,0.0000,100.0000
120.090027,10,0,0,0,0,0,0,0,0,0,0.0000,0.0000,0.0000,0,0.0000,-1.0000,0.0000,100.0000
120.210922,10,0,0,0,0,0,0,0,0,0,0.0000,0.0000,0.0000,0,0.0000,-1.0000,0.0000,100.0000
120.330284,10,0,0,0,0,0,0,0,0,0,0.0000,0.0000,0.0000,0,0.0000,-1.0000,0.0000,100.0000
120.449821,10,0,0,0,0,0,0,0,0,0,0.0000,0.0000,0.0000,0,0.0000,-1.0000,0.0000,100.0000
120.569595,10,0,0,0,0,0,0,0,0,0,0.0000,0.0000,0.0000,0,0.0000,-1.0000,0.0000,100.0000
120.689690,10,0,0,0,0,0,0,0,0,0,0.0000,0.0000,0.0000,0,0.0000,-1.0000,0.0000,100.0000
120.810020,10,0,0,0,0,0,0,0,0,0,0.0000,0.0000,0.0000,0,0.0000,-1.0000,0.0000,100.0000
120.928413,10,0,0,0,0,0,0,0,0,0,0.0000,0.0000,0.0000,0,0.0000,-1.0000,0.0000,100.0000
121.047409,10,0,0,0,0,0,0,0,0,0,0.0000,0.0000,0.0000,0,0.0000,-1.0000,0.0000,100.0000
121.165184,10,0,0,0,0,0,0,0,0,0,0.0000,0.0000,0.0000,0,0.0000,-1.0000,0.0000,100.0000
121.286041,10,0,0,0,0,0,0,0,0,0,0.0000,0.0000,0.0000,0,0.0000,-1.0000,0.0000,100.0000
121.407562,10,0,0,0,0,0,0,0,0,0,0.0000,0.0000,0.0000,0,0.0000,-1.0000,0.0000,100.0000
121.528107,10,0,0,0,0,0,0,0,0,0,0.0000,0.0000,0.0000,0,0.0000,-1.0000,0.0000,100.0000
121.646416,10,0,0,0,0,0,0,0,0,0,0.0000,0.0000,0.0000,0,0.0000,-1.0000,0.0000,100.0000
121.764847,10,0,0,0,0,0,0,0,0,0,0.0000,0.0000,0.0000,0,0.0000,-1.0000,0.0000,100.0000
121.881752,10,0,0,0,0,0,0,0,0,0,0.0000,0.0000,0.0000,0,0.0000,-1.0000,0.0000,100.0000
121.999443,10,0,0,0,0,0,0,0,0,0,0.0000,0.0000,0.0000,0,0.0000,-1.0000,0.0000,100.0000
122.115395,10,0,0,0,0,0,0,0,0,0,0.0000,0.0000,0.0000,0,0.0000,-1.0000,0.0000,100.0000
