file,audio_seconds,world_seconds,phase,weapon,ammo,reserve,operation
frame_00000.jpg,0.019485,2.005453,0,0,24,192,0
frame_00001.jpg,0.063942,2.050673,0,0,24,192,0
frame_00002.jpg,0.108817,2.095152,0,0,24,192,0
frame_00003.jpg,0.152334,2.140033,0,0,24,192,0
frame_00004.jpg,0.197214,2.183597,0,0,24,192,0
frame_00005.jpg,0.243718,2.228464,0,0,24,192,0
frame_00006.jpg,0.288218,2.275047,0,0,24,192,0
frame_00007.jpg,0.332101,2.319443,0,0,24,192,0
frame_00008.jpg,0.376479,2.363323,0,0,24,192,0
frame_00009.jpg,0.420349,2.407689,0,0,24,192,0
frame_00010.jpg,0.464596,2.451560,0,0,24,192,0
frame_00011.jpg,0.509026,2.495935,0,0,24,192,0
frame_00012.jpg,0.552720,2.540267,0,0,24,192,0
frame_00013.jpg,0.596858,2.583928,0,0,24,192,0
frame_00014.jpg,0.640933,2.628102,0,0,24,192,0
frame_00015.jpg,0.684741,2.672149,0,0,24,192,0
frame_00016.jpg,0.728705,2.715945,0,0,24,192,0
frame_00017.jpg,0.772799,2.759909,0,0,24,192,0
frame_00018.jpg,0.816778,2.804066,0,0,24,192,0
frame_00019.jpg,0.860164,2.847970,0,0,24,192,0
frame_00020.jpg,0.903973,2.891374,0,0,24,192,0
frame_00021.jpg,0.947637,2.935182,0,0,24,192,0
frame_00022.jpg,0.991421,2.978872,0,0,24,192,0
frame_00023.jpg,1.035140,3.022630,0,0,24,192,0
frame_00024.jpg,1.079160,3.066365,0,0,24,192,0
frame_00025.jpg,1.122469,3.110374,0,0,24,192,0
frame_00026.jpg,1.166731,3.153678,0,0,24,192,0
frame_00027.jpg,1.210024,3.197950,0,0,24,192,0
frame_00028.jpg,1.253607,3.241241,0,0,24,192,0
frame_00029.jpg,1.297810,3.284846,0,0,24,192,0
frame_00030.jpg,1.342507,3.329067,0,0,24,192,0
frame_00031.jpg,1.387356,3.373850,0,0,24,192,0
frame_00032.jpg,1.431215,3.418598,0,0,24,192,0
frame_00033.jpg,1.475229,3.462468,0,0,24,192,0
frame_00034.jpg,1.518362,3.506446,0,0,24,192,0
frame_00035.jpg,1.562116,3.549567,0,0,24,192,0
frame_00036.jpg,1.606051,3.593341,0,0,24,192,0
frame_00037.jpg,1.649869,3.637275,0,0,24,192,0
frame_00038.jpg,1.693482,3.681080,0,0,24,192,0
frame_00039.jpg,1.737557,3.724698,0,0,24,192,0
frame_00040.jpg,1.781585,3.768755,0,0,24,192,0
frame_00041.jpg,1.825697,3.812799,0,0,24,192,0
frame_00042.jpg,1.869025,3.856906,0,0,24,192,0
frame_00043.jpg,1.913210,3.900223,0,0,24,192,0
frame_00044.jpg,1.956915,3.944432,0,0,24,192,0
frame_00045.jpg,2.001612,3.988143,0,0,24,192,0
frame_00046.jpg,2.046988,4.033194,1,0,23,192,2
frame_00047.jpg,2.091435,4.078205,1,0,23,192,2
frame_00048.jpg,2.135478,4.122682,1,0,23,192,2
frame_00049.jpg,2.180172,4.166709,1,0,23,192,2
frame_00050.jpg,2.225267,4.211423,1,0,22,192,2
frame_00051.jpg,2.269407,4.256489,1,0,22,192,2
frame_00052.jpg,2.314458,4.300638,1,0,22,192,2
frame_00053.jpg,2.359377,4.345679,1,0,22,192,2
frame_00054.jpg,2.404307,4.390650,1,0,21,192,2
frame_00055.jpg,2.448709,4.435544,1,0,21,192,2
frame_00056.jpg,2.494139,4.480004,1,0,21,192,2
frame_00057.jpg,2.539865,4.525442,1,0,21,192,2
frame_00058.jpg,2.585773,4.571128,1,0,20,192,2
frame_00059.jpg,2.630486,4.617063,1,0,20,192,2
frame_00060.jpg,2.675106,4.661778,1,0,20,192,2
frame_00061.jpg,2.719239,4.706314,1,0,19,192,2
frame_00062.jpg,2.764095,4.750455,1,0,19,192,2
frame_00063.jpg,2.808993,4.795328,1,0,19,192,2
frame_00064.jpg,2.852891,4.840202,1,0,19,192,2
frame_00065.jpg,2.897963,4.884109,1,0,18,192,2
frame_00066.jpg,2.942230,4.929190,1,0,18,192,2
frame_00067.jpg,2.988593,4.973442,1,0,18,192,2
frame_00068.jpg,3.033413,5.019862,1,0,18,192,2
frame_00069.jpg,3.077325,5.064650,1,0,17,192,2
frame_00070.jpg,3.121953,5.108549,1,0,17,192,2
frame_00071.jpg,3.166594,5.153190,1,0,17,192,2
frame_00072.jpg,3.210604,5.197814,1,0,17,192,2
frame_00073.jpg,3.255244,5.241809,1,0,16,192,2
frame_00074.jpg,3.299168,5.286464,1,0,16,192,2
frame_00075.jpg,3.343684,5.330386,1,0,16,192,2
frame_00076.jpg,3.388199,5.374959,1,0,16,192,2
frame_00077.jpg,3.432552,5.419396,1,0,15,192,2
frame_00078.jpg,3.477177,5.463800,1,0,15,192,2
frame_00079.jpg,3.521974,5.508395,1,0,15,192,2
frame_00080.jpg,3.567152,5.553211,1,0,15,192,2
frame_00081.jpg,3.611969,5.598404,1,0,14,192,2
frame_00082.jpg,3.656370,5.643203,1,0,14,192,2
frame_00083.jpg,3.702116,5.687627,1,0,14,192,2
frame_00084.jpg,3.746896,5.733391,1,0,14,192,2
frame_00085.jpg,3.791428,5.778123,1,0,13,192,2
frame_00086.jpg,3.835697,5.822646,1,0,13,192,2
frame_00087.jpg,3.880263,5.866923,1,0,13,192,2
frame_00088.jpg,3.924814,5.911489,1,0,13,192,2
frame_00089.jpg,3.969036,5.956023,1,0,12,192,2
frame_00090.jpg,4.014037,6.000275,1,0,12,192,2
frame_00091.jpg,4.058890,6.045266,1,0,12,192,2
frame_00092.jpg,4.102648,6.090131,1,0,12,192,2
frame_00093.jpg,4.147266,6.133910,1,0,11,192,2
frame_00094.jpg,4.191731,6.178501,1,0,11,192,2
frame_00095.jpg,4.236322,6.222945,1,0,11,192,2
frame_00096.jpg,4.281434,6.267692,1,0,11,192,2
frame_00097.jpg,4.325727,6.312649,1,0,10,192,2
frame_00098.jpg,4.369327,6.356951,1,0,10,192,2
frame_00099.jpg,4.414064,6.400555,1,0,10,192,2
frame_00100.jpg,4.458291,6.445275,1,0,10,192,2
frame_00101.jpg,4.502938,6.489511,1,0,9,192,2
frame_00102.jpg,4.548710,6.534197,1,0,9,192,2
frame_00103.jpg,4.593586,6.580004,1,0,9,192,2
frame_00104.jpg,4.638194,6.624811,1,0,8,192,2
frame_00105.jpg,4.682925,6.669430,1,0,8,192,2
frame_00106.jpg,4.727349,6.714137,1,0,8,192,2
frame_00107.jpg,4.772718,6.758616,1,0,8,192,2
frame_00108.jpg,4.817952,6.803985,1,0,7,192,2
frame_00109.jpg,4.862597,6.849221,1,0,7,192,2
frame_00110.jpg,4.906433,6.893835,1,0,7,192,2
frame_00111.jpg,4.950869,6.937690,1,0,7,192,2
frame_00112.jpg,4.995898,6.982085,1,0,6,192,2
frame_00113.jpg,5.040183,7.027130,2,0,6,192,4
frame_00114.jpg,5.084899,7.071410,2,0,6,192,4
frame_00115.jpg,5.129664,7.116165,2,0,6,192,4
frame_00116.jpg,5.173425,7.160908,2,0,6,192,4
frame_00117.jpg,5.218616,7.204662,2,0,6,192,4
frame_00118.jpg,5.263209,7.249844,2,0,6,192,4
frame_00119.jpg,5.307053,7.294456,2,0,6,192,4
frame_00120.jpg,5.352303,7.338285,2,0,6,192,4
frame_00121.jpg,5.396813,7.383561,2,0,6,192,4
frame_00122.jpg,5.440606,7.428027,2,0,6,192,4
frame_00123.jpg,5.485417,7.471845,2,0,6,192,4
frame_00124.jpg,5.529858,7.516616,2,0,6,192,4
frame_00125.jpg,5.573410,7.561090,2,0,6,192,4
frame_00126.jpg,5.618149,7.604635,2,0,6,192,4
frame_00127.jpg,5.663082,7.649373,2,0,6,192,4
frame_00128.jpg,5.706766,7.694302,2,0,6,192,4
frame_00129.jpg,5.751433,7.737990,2,0,6,192,4
frame_00130.jpg,5.795558,7.782645,2,0,6,192,4
frame_00131.jpg,5.839723,7.826796,2,0,6,192,4
frame_00132.jpg,5.884060,7.870952,2,0,6,192,4
frame_00133.jpg,5.928090,7.915257,2,0,6,192,4
frame_00134.jpg,5.973686,7.959330,2,0,6,192,4
frame_00135.jpg,6.018693,8.004959,2,0,6,192,4
frame_00136.jpg,6.064404,8.049932,2,0,6,192,4
frame_00137.jpg,6.108708,8.095684,2,0,6,192,4
frame_00138.jpg,6.152892,8.139926,2,0,6,192,4
frame_00139.jpg,6.197262,8.184123,2,0,6,192,4
frame_00140.jpg,6.241822,8.228492,2,0,24,174,4
frame_00141.jpg,6.286064,8.273038,2,0,24,174,4
frame_00142.jpg,6.330697,8.317274,2,0,24,174,4
frame_00143.jpg,6.375094,8.361924,2,0,24,174,4
frame_00144.jpg,6.419235,8.406301,2,0,24,174,4
frame_00145.jpg,6.463806,8.450446,2,0,24,174,4
frame_00146.jpg,6.509089,8.495086,2,0,24,174,4
frame_00147.jpg,6.552819,8.540317,2,0,24,174,4
frame_00148.jpg,6.597092,8.584013,2,0,24,174,4
frame_00149.jpg,6.640593,8.628314,2,0,24,174,4
frame_00150.jpg,6.685492,8.671855,2,0,24,174,4
frame_00151.jpg,6.729835,8.716688,2,0,24,174,4
frame_00152.jpg,6.773927,8.761034,2,0,24,174,4
frame_00153.jpg,6.818888,8.805133,2,0,24,174,4
frame_00154.jpg,6.863102,8.850083,2,0,24,174,4
frame_00155.jpg,6.907111,8.894309,2,0,24,174,4
frame_00156.jpg,6.952808,8.938307,2,0,24,174,4
frame_00157.jpg,6.997417,8.984014,2,0,24,174,4
frame_00158.jpg,7.041828,9.028634,2,0,24,174,4
frame_00159.jpg,7.086359,9.073141,2,0,24,174,4
frame_00160.jpg,7.132056,9.117582,2,0,24,174,0
frame_00161.jpg,7.177162,9.163311,2,0,24,174,0
frame_00162.jpg,7.221463,9.208416,2,0,24,174,0
frame_00163.jpg,7.265315,9.252665,2,0,24,174,0
frame_00164.jpg,7.310581,9.296511,2,0,24,174,0
frame_00165.jpg,7.354986,9.341791,2,0,24,174,0
frame_00166.jpg,7.398737,9.386161,2,0,24,174,0
frame_00167.jpg,7.443434,9.429958,2,0,24,174,0
frame_00168.jpg,7.488734,9.474645,2,0,24,174,0
frame_00169.jpg,7.534704,9.519932,3,0,24,174,1
frame_00170.jpg,7.579051,9.565951,3,0,24,174,1
frame_00171.jpg,7.623292,9.610272,3,0,24,174,1
frame_00172.jpg,7.668018,9.654475,3,0,24,174,1
frame_00173.jpg,7.713154,9.699198,3,1,6,36,1
frame_00174.jpg,7.757222,9.744344,3,1,6,36,1
frame_00175.jpg,7.801623,9.788423,3,1,6,36,1
frame_00176.jpg,7.845980,9.832806,3,1,6,36,1
frame_00177.jpg,7.890300,9.877170,3,1,6,36,0
frame_00178.jpg,7.936611,9.921478,3,1,6,36,0
frame_00179.jpg,7.981003,9.967824,3,1,6,36,0
frame_00180.jpg,8.025431,10.012198,3,1,6,36,0
frame_00181.jpg,8.070425,10.056625,3,1,6,36,0
frame_00182.jpg,8.115225,10.101648,3,1,6,36,0
frame_00183.jpg,8.159278,10.146444,3,1,6,36,0
frame_00184.jpg,8.203159,10.190440,3,1,6,36,0
frame_00185.jpg,8.248956,10.234361,3,1,6,36,0
frame_00186.jpg,8.294344,10.280249,3,1,6,36,0
frame_00187.jpg,8.339106,10.325547,3,1,6,36,0
frame_00188.jpg,8.383009,10.370296,3,1,6,36,0
frame_00189.jpg,8.427328,10.414186,3,1,6,36,0
frame_00190.jpg,8.471709,10.458507,3,1,6,36,0
frame_00191.jpg,8.515280,10.502888,3,1,6,36,0
frame_00192.jpg,8.559333,10.546458,3,1,6,36,0
frame_00193.jpg,8.603984,10.590625,3,1,6,36,0
frame_00194.jpg,8.648674,10.635224,3,1,6,36,0
frame_00195.jpg,8.693337,10.679852,3,1,6,36,0
frame_00196.jpg,8.736728,10.724488,3,1,6,36,0
frame_00197.jpg,8.781166,10.767895,3,1,6,36,0
frame_00198.jpg,8.825507,10.812358,3,1,6,36,0
frame_00199.jpg,8.869559,10.856658,3,1,6,36,0
frame_00200.jpg,8.914125,10.900739,3,1,6,36,0
frame_00201.jpg,8.957840,10.945284,3,1,6,36,0
frame_00202.jpg,9.002266,10.989031,3,1,6,36,0
frame_00203.jpg,9.047655,11.033450,4,1,5,36,2
frame_00204.jpg,9.092929,11.078865,4,1,5,36,2
frame_00205.jpg,9.137029,11.124118,4,1,5,36,2
frame_00206.jpg,9.181998,11.168223,4,1,5,36,2
frame_00207.jpg,9.226877,11.213165,4,1,5,36,2
frame_00208.jpg,9.271620,11.258039,4,1,5,36,3
frame_00209.jpg,9.315933,11.302789,4,1,5,36,3
frame_00210.jpg,9.360981,11.347128,4,1,5,36,3
frame_00211.jpg,9.406204,11.392162,4,1,5,36,3
frame_00212.jpg,9.451577,11.437401,4,1,5,36,3
frame_00213.jpg,9.495775,11.482759,4,1,5,36,3
frame_00214.jpg,9.540521,11.526959,4,1,5,36,3
frame_00215.jpg,9.584922,11.571683,4,1,5,36,3
frame_00216.jpg,9.628802,11.616077,4,1,5,36,3
frame_00217.jpg,9.673881,11.659944,4,1,5,36,3
frame_00218.jpg,9.718794,11.705072,4,1,5,36,3
frame_00219.jpg,9.763466,11.749936,4,1,5,36,3
frame_00220.jpg,9.807665,11.794606,4,1,5,36,0
frame_00221.jpg,9.852670,11.838817,4,1,4,36,2
frame_00222.jpg,9.897295,11.883830,4,1,4,36,2
frame_00223.jpg,9.940863,11.928438,4,1,4,36,2
frame_00224.jpg,9.985908,11.972012,4,1,4,36,2
frame_00225.jpg,10.030531,12.017045,4,1,4,36,2
frame_00226.jpg,10.074260,12.061664,4,1,4,36,3
frame_00227.jpg,10.119213,12.105443,4,1,4,36,3
frame_00228.jpg,10.163805,12.150370,4,1,4,36,3
frame_00229.jpg,10.207942,12.194956,4,1,4,36,3
frame_00230.jpg,10.252956,12.239091,4,1,4,36,3
frame_00231.jpg,10.297589,12.284085,4,1,4,36,3
frame_00232.jpg,10.342271,12.328723,4,1,4,36,3
frame_00233.jpg,10.386870,12.373415,4,1,4,36,3
frame_00234.jpg,10.431562,12.418012,4,1,4,36,3
frame_00235.jpg,10.476555,12.462696,4,1,4,36,3
frame_00236.jpg,10.520873,12.507697,4,1,4,36,3
frame_00237.jpg,10.566325,12.552073,4,1,4,36,3
frame_00238.jpg,10.612328,12.597481,4,1,4,36,0
frame_00239.jpg,10.657576,12.643559,4,1,3,36,2
frame_00240.jpg,10.702829,12.688728,4,1,3,36,2
frame_00241.jpg,10.747444,12.733950,4,1,3,36,2
frame_00242.jpg,10.791689,12.778589,4,1,3,36,2
frame_00243.jpg,10.836690,12.822826,4,1,3,36,2
frame_00244.jpg,10.881445,12.867822,4,1,3,36,3
frame_00245.jpg,10.926139,12.912565,4,1,3,36,3
frame_00246.jpg,10.970371,12.957286,4,1,3,36,3
frame_00247.jpg,11.015211,13.001504,4,1,3,36,3
frame_00248.jpg,11.059767,13.046335,4,1,3,36,3
frame_00249.jpg,11.103985,13.090893,4,1,3,36,3
frame_00250.jpg,11.149183,13.135293,4,1,3,36,3
frame_00251.jpg,11.193853,13.180326,4,1,3,36,3
frame_00252.jpg,11.238683,13.224978,4,1,3,36,3
frame_00253.jpg,11.282635,13.269809,4,1,3,36,3
frame_00254.jpg,11.327581,13.313759,4,1,3,36,3
frame_00255.jpg,11.372050,13.358748,4,1,3,36,3
frame_00256.jpg,11.417312,13.403157,4,1,3,36,0
frame_00257.jpg,11.463256,13.448481,4,1,2,36,2
frame_00258.jpg,11.507977,13.494418,4,1,2,36,2
frame_00259.jpg,11.552956,13.539104,4,1,2,36,2
frame_00260.jpg,11.597448,13.584077,4,1,2,36,2
frame_00261.jpg,11.641612,13.628587,4,1,2,36,2
frame_00262.jpg,11.686990,13.672749,4,1,2,36,3
frame_00263.jpg,11.732484,13.718155,4,1,2,36,3
frame_00264.jpg,11.777816,13.763627,4,1,2,36,3
frame_00265.jpg,11.822721,13.808969,4,1,2,36,3
frame_00266.jpg,11.867671,13.853868,4,1,2,36,3
frame_00267.jpg,11.912068,13.898793,4,1,2,36,3
frame_00268.jpg,11.957087,13.943175,4,1,2,36,3
frame_00269.jpg,12.002005,13.988212,4,1,2,36,3
frame_00270.jpg,12.047120,14.033139,4,1,2,36,3
frame_00271.jpg,12.091487,14.078215,4,1,2,36,3
frame_00272.jpg,12.136801,14.122605,4,1,2,36,3
frame_00273.jpg,12.181912,14.167953,4,1,2,36,3
frame_00274.jpg,12.226529,14.213046,4,1,2,36,0
frame_00275.jpg,12.270918,14.257632,4,1,1,36,2
frame_00276.jpg,12.315789,14.302032,4,1,1,36,2
frame_00277.jpg,12.360385,14.346877,4,1,1,36,2
frame_00278.jpg,12.404575,14.391504,4,1,1,36,2
frame_00279.jpg,12.449363,14.435678,4,1,1,36,2
frame_00280.jpg,12.494095,14.480453,4,1,1,36,3
frame_00281.jpg,12.540063,14.525204,4,1,1,36,3
frame_00282.jpg,12.585088,14.571218,4,1,1,36,3
frame_00283.jpg,12.628917,14.616196,4,1,1,36,3
frame_00284.jpg,12.674038,14.660048,4,1,1,36,3
frame_00285.jpg,12.718805,14.705153,4,1,1,36,3
frame_00286.jpg,12.762661,14.749907,4,1,1,36,3
frame_00287.jpg,12.807884,14.793744,4,1,1,36,3
frame_00288.jpg,12.853511,14.839004,4,1,1,36,3
frame_00289.jpg,12.899572,14.884627,4,1,1,36,3
frame_00290.jpg,12.945067,14.930724,4,1,1,36,3
frame_00291.jpg,12.990139,14.976165,4,1,1,36,3
frame_00292.jpg,13.035302,15.021314,5,1,1,36,0
frame_00293.jpg,13.079423,15.066409,5,1,1,36,5
frame_00294.jpg,13.124373,15.110538,5,1,1,36,5
frame_00295.jpg,13.168976,15.155520,5,1,1,36,5
frame_00296.jpg,13.213688,15.200074,5,1,1,36,5
frame_00297.jpg,13.258255,15.244782,5,1,1,36,5
frame_00298.jpg,13.302918,15.289328,5,1,1,36,5
frame_00299.jpg,13.347717,15.334004,5,1,1,36,5
frame_00300.jpg,13.392064,15.378814,5,1,1,36,5
frame_00301.jpg,13.436957,15.423142,5,1,1,36,6
frame_00302.jpg,13.481848,15.468037,5,1,1,36,6
frame_00303.jpg,13.526592,15.512955,5,1,1,36,6
frame_00304.jpg,13.570792,15.557673,5,1,1,36,6
frame_00305.jpg,13.615765,15.601879,5,1,1,36,6
frame_00306.jpg,13.660252,15.646832,5,1,1,36,6
frame_00307.jpg,13.704444,15.691331,5,1,1,36,6
frame_00308.jpg,13.749217,15.735522,5,1,1,36,6
frame_00309.jpg,13.793689,15.780292,5,1,1,36,6
frame_00310.jpg,13.837694,15.824749,5,1,1,36,6
frame_00311.jpg,13.882595,15.868784,5,1,1,36,6
frame_00312.jpg,13.927274,15.913685,5,1,1,36,6
frame_00313.jpg,13.972482,15.958344,5,1,1,36,6
frame_00314.jpg,14.017193,16.003605,5,1,2,35,6
frame_00315.jpg,14.062345,16.048325,5,1,2,35,6
frame_00316.jpg,14.107355,16.093435,5,1,2,35,6
frame_00317.jpg,14.152957,16.138426,5,1,2,35,6
frame_00318.jpg,14.197853,16.184086,5,1,2,35,6
frame_00319.jpg,14.241596,16.228926,5,1,2,35,6
frame_00320.jpg,14.286364,16.272673,5,1,2,35,6
frame_00321.jpg,14.331183,16.317446,5,1,2,35,6
frame_00322.jpg,14.375193,16.362278,5,1,2,35,6
frame_00323.jpg,14.419797,16.406263,5,1,2,35,6
frame_00324.jpg,14.464544,16.450855,5,1,2,35,6
frame_00325.jpg,14.508453,16.495602,5,1,2,35,6
frame_00326.jpg,14.554275,16.539551,5,1,2,35,6
frame_00327.jpg,14.599371,16.585350,5,1,2,35,6
frame_00328.jpg,14.644096,16.630447,5,1,2,35,6
frame_00329.jpg,14.688446,16.675194,5,1,2,35,6
frame_00330.jpg,14.733098,16.719509,5,1,2,35,6
frame_00331.jpg,14.778164,16.764141,5,1,2,35,6
frame_00332.jpg,14.823158,16.809210,5,1,2,35,6
frame_00333.jpg,14.867208,16.854206,5,1,2,35,6
frame_00334.jpg,14.912837,16.898272,5,1,2,35,6
frame_00335.jpg,14.957881,16.943911,5,1,3,34,6
frame_00336.jpg,15.002238,16.988928,5,1,3,34,6
frame_00337.jpg,15.046190,17.033276,5,1,3,34,6
frame_00338.jpg,15.091073,17.077251,5,1,3,34,6
frame_00339.jpg,15.136381,17.122164,5,1,3,34,6
frame_00340.jpg,15.182083,17.167524,5,1,3,34,6
frame_00341.jpg,15.227284,17.213158,5,1,3,34,6
frame_00342.jpg,15.271045,17.258373,5,1,3,34,6
frame_00343.jpg,15.315710,17.302101,5,1,3,34,6
frame_00344.jpg,15.360376,17.346777,5,1,3,34,6
frame_00345.jpg,15.404482,17.391420,5,1,3,34,6
frame_00346.jpg,15.449242,17.435516,5,1,3,34,6
frame_00347.jpg,15.494203,17.480284,5,1,3,34,6
frame_00348.jpg,15.537940,17.525265,5,1,3,34,6
frame_00349.jpg,15.582712,17.568987,5,1,3,34,6
frame_00350.jpg,15.627523,17.613771,5,1,3,34,6
frame_00351.jpg,15.672541,17.658655,5,1,3,34,6
frame_00352.jpg,15.716922,17.703556,5,1,3,34,6
frame_00353.jpg,15.761612,17.747952,5,1,3,34,6
frame_00354.jpg,15.806523,17.792688,5,1,3,34,6
frame_00355.jpg,15.850514,17.837566,5,1,4,33,6
frame_00356.jpg,15.895442,17.881569,5,1,4,33,6
frame_00357.jpg,15.941172,17.926481,5,1,4,33,6
frame_00358.jpg,15.986538,17.972357,5,1,4,33,6
frame_00359.jpg,16.031645,18.017624,5,1,4,33,6
frame_00360.jpg,16.075848,18.062710,5,1,4,33,6
frame_00361.jpg,16.120980,18.106926,5,1,4,33,6
frame_00362.jpg,16.166854,18.152048,5,1,4,33,6
frame_00363.jpg,16.212384,18.197943,5,1,4,33,6
frame_00364.jpg,16.258214,18.243452,5,1,4,33,6
frame_00365.jpg,16.304188,18.289320,5,1,4,33,6
frame_00366.jpg,16.349767,18.335304,5,1,4,33,6
frame_00367.jpg,16.395629,18.380829,5,1,4,33,6
frame_00368.jpg,16.441387,18.426733,5,1,4,33,6
frame_00369.jpg,16.486397,18.472456,5,1,4,33,6
frame_00370.jpg,16.531745,18.517506,5,1,4,33,6
frame_00371.jpg,16.577014,18.562771,5,1,4,33,6
frame_00372.jpg,16.621275,18.608067,5,1,4,33,6
frame_00373.jpg,16.665877,18.652327,5,1,4,33,6
frame_00374.jpg,16.710672,18.696915,5,1,4,33,6
frame_00375.jpg,16.754479,18.741686,5,1,5,32,6
frame_00376.jpg,16.799471,18.785492,5,1,5,32,6
frame_00377.jpg,16.844428,18.830502,5,1,5,32,6
frame_00378.jpg,16.888971,18.875454,5,1,5,32,6
frame_00379.jpg,16.933424,18.919962,5,1,5,32,6
frame_00380.jpg,16.978246,18.964453,5,1,5,32,6
frame_00381.jpg,17.022802,19.009266,6,1,4,32,2
frame_00382.jpg,17.068540,19.053812,6,1,4,32,2
frame_00383.jpg,17.112831,19.099562,6,1,4,32,2
frame_00384.jpg,17.157690,19.143858,6,1,4,32,2
frame_00385.jpg,17.202428,19.188713,6,1,4,32,2
frame_00386.jpg,17.246627,19.233459,6,1,4,32,3
frame_00387.jpg,17.291395,19.277660,6,1,4,32,3
frame_00388.jpg,17.336361,19.322411,6,1,4,32,3
frame_00389.jpg,17.381446,19.367504,6,1,4,32,3
frame_00390.jpg,17.427325,19.412470,6,1,4,32,3
frame_00391.jpg,17.472330,19.458357,6,1,4,32,3
frame_00392.jpg,17.517588,19.503386,6,1,4,32,3
frame_00393.jpg,17.563188,19.548676,6,1,4,32,3
frame_00394.jpg,17.608480,19.594217,6,1,4,32,3
frame_00395.jpg,17.653630,19.639500,6,1,4,32,3
frame_00396.jpg,17.699237,19.684671,6,1,4,32,3
frame_00397.jpg,17.745410,19.730293,6,1,4,32,3
frame_00398.jpg,17.790420,19.776478,6,1,4,32,3
frame_00399.jpg,17.836221,19.821432,6,1,3,32,2
frame_00400.jpg,17.881722,19.867250,6,1,3,32,2
frame_00401.jpg,17.926801,19.912716,6,1,3,32,2
frame_00402.jpg,17.971518,19.957851,6,1,3,32,2
frame_00403.jpg,18.016579,20.002535,6,1,3,32,2
frame_00404.jpg,18.061363,20.047581,6,1,3,32,3
frame_00405.jpg,18.106292,20.092360,6,1,3,32,3
frame_00406.jpg,18.150796,20.137280,6,1,3,32,3
frame_00407.jpg,18.196133,20.181799,6,1,3,32,3
frame_00408.jpg,18.241558,20.227209,6,1,3,32,3
frame_00409.jpg,18.286466,20.272556,6,1,3,32,3
frame_00410.jpg,18.330896,20.317461,6,1,3,32,3
frame_00411.jpg,18.375634,20.361885,6,1,3,32,3
frame_00412.jpg,18.421021,20.406618,6,1,3,32,3
frame_00413.jpg,18.465544,20.452044,6,1,3,32,3
frame_00414.jpg,18.509466,20.496536,6,1,3,32,3
frame_00415.jpg,18.554797,20.540552,6,1,3,32,3
frame_00416.jpg,18.599974,20.585873,6,1,3,32,3
frame_00417.jpg,18.646060,20.631014,6,1,2,32,2
frame_00418.jpg,18.691308,20.677080,6,1,2,32,2
frame_00419.jpg,18.735678,20.722311,6,1,2,32,2
frame_00420.jpg,18.779874,20.766666,6,1,2,32,2
frame_00421.jpg,18.824618,20.810898,6,1,2,32,2
frame_00422.jpg,18.869050,20.855608,6,1,2,32,3
frame_00423.jpg,18.913794,20.900051,6,1,2,32,3
frame_00424.jpg,18.958641,20.944790,6,1,2,32,3
frame_00425.jpg,19.003433,20.989635,6,1,2,32,3
frame_00426.jpg,19.047852,21.034428,6,1,2,32,3
frame_00427.jpg,19.092132,21.078815,6,1,2,32,3
frame_00428.jpg,19.136618,21.123102,6,1,2,32,3
frame_00429.jpg,19.181490,21.167612,6,1,2,32,3
frame_00430.jpg,19.225889,21.212477,6,1,2,32,3
frame_00431.jpg,19.270685,21.256876,6,1,2,32,3
frame_00432.jpg,19.315585,21.301664,6,1,2,32,3
frame_00433.jpg,19.359670,21.346552,6,1,2,32,3
frame_00434.jpg,19.404704,21.390676,6,1,2,32,3
frame_00435.jpg,19.449704,21.435688,6,1,1,32,2
frame_00436.jpg,19.494572,21.480656,6,1,1,32,2
frame_00437.jpg,19.538873,21.525560,6,1,1,32,2
frame_00438.jpg,19.583820,21.569857,6,1,1,32,2
frame_00439.jpg,19.628742,21.614777,6,1,1,32,2
frame_00440.jpg,19.674059,21.659803,6,1,1,32,3
frame_00441.jpg,19.718819,21.705048,6,1,1,32,3
frame_00442.jpg,19.764202,21.749790,6,1,1,32,3
frame_00443.jpg,19.808977,21.795219,6,1,1,32,3
frame_00444.jpg,19.854101,21.840019,6,1,1,32,3
frame_00445.jpg,19.898580,21.885088,6,1,1,32,3
frame_00446.jpg,19.942796,21.929541,6,1,1,32,3
frame_00447.jpg,19.987511,21.973770,6,1,1,32,3
frame_00448.jpg,20.032280,22.018454,6,1,1,32,3
frame_00449.jpg,20.076116,22.063257,6,1,1,32,3
frame_00450.jpg,20.120909,22.107071,6,1,1,32,3
frame_00451.jpg,20.165403,22.151854,6,1,1,32,3
frame_00452.jpg,20.209541,22.196358,6,1,1,32,3
frame_00453.jpg,20.254358,22.240534,6,1,0,32,2
frame_00454.jpg,20.298789,22.285332,6,1,0,32,2
frame_00455.jpg,20.342772,22.329744,6,1,0,32,2
frame_00456.jpg,20.387601,22.373734,6,1,0,32,2
frame_00457.jpg,20.432442,22.418552,6,1,0,32,2
frame_00458.jpg,20.476492,22.463430,6,1,0,32,3
frame_00459.jpg,20.521336,22.507473,6,1,0,32,3
frame_00460.jpg,20.565740,22.552284,6,1,0,32,3
frame_00461.jpg,20.610892,22.596689,6,1,0,32,3
frame_00462.jpg,20.655346,22.641863,6,1,0,32,3
frame_00463.jpg,20.699854,22.686304,6,1,0,32,3
frame_00464.jpg,20.744954,22.730829,6,1,0,32,3
frame_00465.jpg,20.788761,22.775913,6,1,0,32,3
frame_00466.jpg,20.833552,22.819742,6,1,0,32,3
frame_00467.jpg,20.879587,22.864506,6,1,0,32,3
frame_00468.jpg,20.924637,22.910564,6,1,0,32,3
frame_00469.jpg,20.969723,22.955606,6,1,0,32,3
