frame,path,bytes,sha256,weapon_variant,weapon,trial,driver_phase,audio_seconds,world_seconds,engine_frame,capture_phase,capture_label,width,height,original_individually_viewed,observation
223,Media/frame_00223.jpg,106991,e76c44766fc05f8a90dd01c4e1655c5678efa5e5c0ab7c966362cd51b3931ae0,0,M1911,6,15,8.660063498,8.532532301,790,33,variant 0 / case 6 / phase 15 / explicit collision fixture,1600,900,True,M1911 and HUD 7/56 face five aligned standing targets before the discharge.
224,Media/frame_00224.jpg,109728,456cc35c1da8659ee2cbe2a4f7a59b70f4066e11b0350c915992d23e36b8d221,0,M1911,6,14,8.695617199,8.567325398,793,35,variant 0 / case 6 / phase 14 / explicit collision fixture,1600,900,True,"M1911 muzzle flash and pale tracer cross two targets; blood marks, gold hit marker, ammo 6 and points 250 are visible."
225,Media/frame_00225.jpg,109063,f8ed183378d8be758444d7fb6ba1fed6dccc098f78f58eb9dc52bffdadcc97ec,0,M1911,6,14,8.730926298,8.602763299,796,35,variant 0 / case 6 / phase 14 / explicit collision fixture,1600,900,True,The tracer has faded; small localized blood remains near the first two targets as their death response begins.
231,Media/frame_00231.jpg,103482,2c76d7222575fc0582d1bd9ded4b46000b68979fb3d638a1c66e6ca9cb9e38b3,0,M1911,6,14,8.945647299,8.816939201,814,35,variant 0 / case 6 / phase 14 / explicit collision fixture,1600,900,True,"Trial replacement is already visible: one new standing target and refilled ammo 7; the captured label still names the preceding case. This is fixture cleanup, not corpse disappearance."
324,Media/frame_00324.jpg,104070,6cd3ce46ff51acb24f06237756ccdf0be829d2376a61ee579efd277a6cdea9ea,0,M1911,11,14,12.317655001,12.190607999,1113,55,variant 0 / case 11 / phase 14 / explicit collision fixture,1600,900,True,"M1911 wounded-head trial shows a buckling target, head-height label, blood and +130 award. The marker partly obscures the head; no severance claim from this frame."
516,Media/frame_00516.jpg,109132,e397cb058ed6f21b11cfcb1ff2cf465db9c6d8620929aaa550f77b3d989967fb,1,Last Word,6,15,19.312589198,19.183819901,1745,87,variant 1 / case 6 / phase 15 / explicit collision fixture,1600,900,True,Last Word purple pistol and HUD 14/112 face the aligned targets.
517,Media/frame_00517.jpg,110428,3082a36f432f7ff0cb6eca17cdff93c065901f8cd5befc2639f3f1a4e209e981,1,Last Word,6,14,19.3482715,19.219795,1748,89,variant 1 / case 6 / phase 14 / explicit collision fixture,1600,900,True,"Purple tracer and muzzle light reach through three targets; ammo 13, two left and points 800 are visible."
518,Media/frame_00518.jpg,110391,593f519ecbe1211934bb490d67b205674db228a4898ef11baf18c021312f3730,1,Last Word,6,14,19.384281099,19.255496498,1751,89,variant 1 / case 6 / phase 14 / explicit collision fixture,1600,900,True,The purple tracer fades; localized blood is visible around damaged targets.
522,Media/frame_00522.jpg,111753,516a9fa16dde6db6dbdf241b71e9a4d325fb69c9d21abbe1daf19d06b5f29081,1,Last Word,6,14,19.530047201,19.400818899,1763,89,variant 1 / case 6 / phase 14 / explicit collision fixture,1600,900,True,The first three bodies buckle downward with red particles; the two farther targets remain standing.
563,Media/frame_00563.jpg,104876,4cc82cf3ba4d77934dd809a492422e885353e441d565873e2b0d6206e841cfb2,1,Last Word,8,14,20.9357999,20.809154,1886,97,variant 1 / case 8 / phase 14 / explicit collision fixture,1600,900,True,Last Word low shot leaves a localized leg impact and +10 award while the target remains standing; no detached leg is visible.
622,Media/frame_00622.jpg,106102,b8a0dfb5234d968617f76f25225b5bbb228c8f66b7315ae9b06dca83a486ba89,1,Last Word,11,14,22.962907199,22.835931301,2063,109,variant 1 / case 11 / phase 14 / explicit collision fixture,1600,900,True,Last Word wounded-head target buckles with blood and +130; the gold marker covers part of the head area.
811,Media/frame_00811.jpg,109363,be1f73f82fc9f79efff5f5109b42631ac093ab14d8a9d8f9c34f0b84a24e1cae,2,M4A1,6,15,29.967583098,29.8401265,2701,141,variant 2 / case 6 / phase 15 / explicit collision fixture,1600,900,True,M4A1 shoulder-held rifle and HUD 24/192 face five aligned targets.
813,Media/frame_00813.jpg,111769,36e26f092e5cadb1b3147e0ec0c468e08898fc852c1dc05a539caf4d36ea39f2,2,M4A1,6,14,30.039532799,29.9108175,2707,143,variant 2 / case 6 / phase 14 / explicit collision fixture,1600,900,True,"Pale rifle tracer crosses the first three targets; ammo 23, two left and points 1360 are visible."
814,Media/frame_00814.jpg,110501,80a1edca7bfa45abf9916576b6e6f8fa6aa6ce0fb61a247edcb44371ee22d9a9,2,M4A1,6,14,30.074959397,29.946751699,2710,143,variant 2 / case 6 / phase 14 / explicit collision fixture,1600,900,True,Rifle tracer has faded and small blood particles appear at the affected bodies.
818,Media/frame_00818.jpg,111885,58f1f3ed7942469d78974f0a0a157dcabaecf6dece5e45567b99446a06312f87,2,M4A1,6,14,30.215337198,30.087442398,2722,143,variant 2 / case 6 / phase 14 / explicit collision fixture,1600,900,True,The three struck targets buckle while blood spreads locally; farther two stand.
915,Media/frame_00915.jpg,108433,c82ef8c7e88c9d90a0e4661e6246cce5287eb302b392626632848074217cbacc,2,M4A1,11,14,33.653678499,33.521364301,3028,163,variant 2 / case 11 / phase 14 / explicit collision fixture,1600,900,True,The next three-target scene has already replaced the head-shot target and ammo is refilled to 24. The old head-trial label/award persists briefly; this is not a corpse-persistence observation.
1112,Media/frame_01112.jpg,111603,362e5fd03a545777a47dcc1fbe43a6db8100fae91a0968b1af29e4f7efc37c5a,3,Overcurrent,6,15,40.635338098,40.507708099,3641,195,variant 3 / case 6 / phase 15 / explicit collision fixture,1600,900,True,Overcurrent teal rifle and HUD 36/384 face the line of five.
1114,Media/frame_01114.jpg,112405,b376b3ca3ada75df00f06211f633b31ccdac1a1609b3022014e188a1f4907412,3,Overcurrent,6,14,40.706840601,40.578302201,3647,197,variant 3 / case 6 / phase 14 / explicit collision fixture,1600,900,True,"Teal tracer crosses four targets; ammo 35, one left and points 2040 are visible."
1115,Media/frame_01115.jpg,112374,fa2927856ac2a9d9600ddf46851f56f3b03da305db4870b8257e2ae366ccde94,3,Overcurrent,6,14,40.7424253,40.6139566,3650,197,variant 3 / case 6 / phase 14 / explicit collision fixture,1600,900,True,"After the teal tracer fades, blood appears along the affected row."
1119,Media/frame_01119.jpg,113679,35e24ee16f537c7b055bb6bb99bb77c72e2699c3534c21584a0740e090db73d8,3,Overcurrent,6,14,40.884917401,40.756389398,3662,197,variant 3 / case 6 / phase 14 / explicit collision fixture,1600,900,True,Four struck bodies buckle with localized red particles while the final body remains standing.
1218,Media/frame_01218.jpg,108126,9d07f159683b45a035315546ec7c28b82e7aa0478ae921433c293d45317863bf,3,Overcurrent,11,14,44.2934995,44.166091599,3959,217,variant 3 / case 11 / phase 14 / explicit collision fixture,1600,900,True,Overcurrent wounded-head target buckles with a +130 award; the crosshair partly obscures the head.
1495,Media/frame_01495.jpg,111335,1b4d52a62b3a7bc24b2fa3ee8b48fadf6c4e0cc0c3014b180ee3e60e41a57477,4,Remington 870,6,15,54.520823099,54.391617399,4890,249,variant 4 / case 6 / phase 15 / explicit collision fixture,1600,900,True,Remington 870 wood-stock shotgun and HUD 6/36 face the target line.
1496,Media/frame_01496.jpg,112181,09799433032ec27799a2126048dba4458017dd0d6d2e0836f468f44af166bc97,4,Remington 870,6,14,54.558370799,54.428185299,4893,251,variant 4 / case 6 / phase 14 / explicit collision fixture,1600,900,True,Broad bright muzzle flash and several pale pellet traces strike the first targets; ammo 5 and points 2480 are visible.
1497,Media/frame_01497.jpg,111453,4af36c253584fdb41594a172fff8dc51179db0f9ea6785219dbacadc2ca47f3c,4,Remington 870,6,14,54.5954802,54.465718199,4896,251,variant 4 / case 6 / phase 14 / explicit collision fixture,1600,900,True,Pellet traces have faded; localized blood appears at the first two bodies.
1516,Media/frame_01516.jpg,111255,245020954105c999b4a238af19f06e485e6b134e9f2b5b51c87798328e1906e3,4,Remington 870,6,14,55.296278499,55.167766701,4953,251,variant 4 / case 6 / phase 14 / explicit collision fixture,1600,900,True,"Two dead bodies have folded down near the floor; their white coat and blue workwear remain coherent, with three targets still standing."
1581,Media/frame_01581.jpg,106225,5872a9a4aa8949c3e3f74e7f2bb02fb003ada95615ad3c40d47419c5ba91872b,4,Remington 870,8,14,57.712427698,57.586577799,5171,259,variant 4 / case 8 / phase 14 / explicit collision fixture,1600,900,True,The low-shot Maintenance target is down with a visibly separate severed leg segment and red cut surface; the Low 65 cm label and +110 award remain.
1680,Media/frame_01680.jpg,106255,dd6e7d9117c55b5cc217388ea21e7525dc8b5a6fe453fafcd4e9bd07cd3279c8,4,Remington 870,11,14,61.386706099,61.259885699,5508,271,variant 4 / case 11 / phase 14 / explicit collision fixture,1600,900,True,The wounded Laboratory target is down with a red neck cap and detached head beside the body; the head-height marker no longer covers the cut.
1963,Media/frame_01963.jpg,111435,a49e3a2f91bbcd3174bfdf355ac4f988c69be63a19c047a73d5ef1ed0a2aff5e,5,Gravebreaker,6,15,71.596536599,71.467275798,6416,303,variant 5 / case 6 / phase 15 / explicit collision fixture,1600,900,True,Gravebreaker copper-colored shotgun and HUD 8/72 face five targets.
1964,Media/frame_01964.jpg,112589,a6e9ce59d50b2da5432efb83ec59aa196ba7943535ba29850713d620e3d1bf20,5,Gravebreaker,6,14,71.6332151,71.503909599,6419,305,variant 5 / case 6 / phase 14 / explicit collision fixture,1600,900,True,Orange muzzle flash and multiple pellet traces reach through the first three bodies; ammo 7 and points 3350 are visible.
1981,Media/frame_01981.jpg,110305,ebbd0b850aa61b9967e7d5bbc2a4bbd2fd9a72c48be5e41cbd2b988728002122,5,Gravebreaker,6,14,72.264032599,72.135463499,6470,305,variant 5 / case 6 / phase 14 / explicit collision fixture,1600,900,True,Three dead bodies fold near the floor with different orientations and intact garment silhouettes; the farther two remain standing.
2137,Media/frame_02137.jpg,106139,9e0136fbd06fa8a68f190f9904e0a943655fb67b31882aa628c02bd9b9ea8a31,5,Gravebreaker,11,14,77.655002199,77.526744001,6941,325,variant 5 / case 11 / phase 14 / explicit collision fixture,1600,900,True,"Gravebreaker head-shot aftermath shows a red neck cut and displaced head above/right of the collapsing Laboratory body, with local blood particles."
2138,Media/frame_02138.jpg,106229,f12758a78f2c03d3e843d9612d1df943d88d5fe1a2d240489429049fb6a11efa,5,Gravebreaker,11,14,77.691023398,77.562196799,6944,325,variant 5 / case 11 / phase 14 / explicit collision fixture,1600,900,True,"The adjacent original preserves the separated head and neck cap as body and piece move slightly; this is a short sample, not a full settling review."
